###############################################################
#  Generated by:      Cadence Innovus 23.33-s082_1
#  OS:                Linux x86_64(Host ID vlsi-ria87)
#  Generated on:      Sat Jun 27 17:28:45 2026
#  Design:            top
#  Command:           verify_drc
###############################################################
#set_verify_drc_mode -check_ndr_spacing auto -check_only default -check_same_via_cell true -disable_rules "" -exclude_pg_net false -ignore_cell_blockage false -ignore_trial_route false -limit 1000 -report top.drc.rpt -use_min_spacing_on_block_obs auto

SHORT: ( Metal Short ) Special Wire of Net VDD & Pin of Cell I0/byte_controller/bit_controller/cSCL_reg[0]  ( M1 )
Bounds : ( 1042.200, 1184.440 ) ( 1053.960, 1185.180 )


SHORT: ( Metal Short ) Special Wire of Net VSS & Pin of Cell I0/byte_controller/bit_controller/cSCL_reg[0]  ( M1 )
Bounds : ( 1042.200, 1189.300 ) ( 1053.960, 1190.040 )


SHORT: ( Metal Short ) Special Wire of Net VSS & Pin of Cell I0/byte_controller/bit_controller/cSCL_reg[0]  ( M1 )
Bounds : ( 1042.200, 1189.300 ) ( 1045.000, 1190.780 )


SHORT: ( Metal Short ) Special Wire of Net VDD & Pin of Cell I0/byte_controller/bit_controller/U97  ( M1 )
Bounds : ( 1042.200, 1194.900 ) ( 1045.000, 1195.640 )


SHORT: ( Metal Short ) Special Wire of Net VDD & Pin of Cell I0/byte_controller/bit_controller/cSCL_reg[1]  ( M1 )
Bounds : ( 1048.360, 1162.040 ) ( 1060.120, 1162.780 )


SHORT: ( Metal Short ) Special Wire of Net VSS & Pin of Cell I0/byte_controller/bit_controller/cSCL_reg[1]  ( M1 )
Bounds : ( 1048.360, 1166.900 ) ( 1060.120, 1167.640 )


SHORT: ( Metal Short ) Special Wire of Net VSS & Pin of Cell I0/byte_controller/bit_controller/cSDA_reg[0]  ( M1 )
Bounds : ( 1048.360, 1178.840 ) ( 1060.120, 1179.580 )


SHORT: ( Metal Short ) Special Wire of Net VDD & Pin of Cell I0/byte_controller/bit_controller/cSDA_reg[0]  ( M1 )
Bounds : ( 1048.360, 1183.700 ) ( 1060.120, 1184.440 )


SHORT: ( Metal Short ) Special Wire of Net VDD & Pin of Cell I0/byte_controller/bit_controller/cSDA_reg[0]  ( M1 )
Bounds : ( 1048.360, 1183.700 ) ( 1053.960, 1185.180 )


SHORT: ( Metal Short ) Special Wire of Net VSS & Pin of Cell I0/byte_controller/bit_controller/fSCL_reg[0]  ( M1 )
Bounds : ( 1048.920, 1144.500 ) ( 1062.360, 1145.240 )


SHORT: ( Metal Short ) Special Wire of Net VSS & Pin of Cell I0/byte_controller/bit_controller/U117  ( M1 )
Bounds : ( 1048.920, 1156.440 ) ( 1061.800, 1157.180 )


SHORT: ( Metal Short ) Special Wire of Net VDD & Pin of Cell I0/byte_controller/bit_controller/cSDA_reg[1]  ( M1 )
Bounds : ( 1048.920, 1161.300 ) ( 1061.800, 1162.040 )


SHORT: ( Metal Short ) Special Wire of Net VDD & Pin of Cell I0/byte_controller/bit_controller/cSDA_reg[1]  ( M1 )
Bounds : ( 1048.920, 1161.300 ) ( 1060.120, 1162.780 )


SHORT: ( Metal Short ) Special Wire of Net VSS & Pin of Cell I0/byte_controller/bit_controller/cSCL_reg[1]  ( M1 )
Bounds : ( 1052.840, 1166.900 ) ( 1055.640, 1168.380 )


SHORT: ( Metal Short ) Special Wire of Net VDD & Pin of Cell I0/byte_controller/bit_controller/U94  ( M1 )
Bounds : ( 1052.840, 1172.500 ) ( 1055.640, 1173.980 )


SHORT: ( Metal Short ) Special Wire of Net VDD & Pin of Cell I0/byte_controller/bit_controller/sub_228/U17  ( M1 )
Bounds : ( 1198.440, 1128.440 ) ( 1200.680, 1129.180 )


SHORT: ( Metal Short ) Special Wire of Net VSS & Pin of Cell I0/byte_controller/bit_controller/sub_228/U17  ( M1 )
Bounds : ( 1198.440, 1133.300 ) ( 1200.680, 1134.780 )


SHORT: ( Metal Short ) Special Wire of Net VDD & Pin of Cell I0/byte_controller/bit_controller/cnt_reg[14]  ( M1 )
Bounds : ( 1198.440, 1138.900 ) ( 1201.800, 1140.380 )


SHORT: ( Metal Short ) Special Wire of Net VSS & Pin of Cell I0/byte_controller/bit_controller/sub_228/U16  ( M1 )
Bounds : ( 1201.240, 1122.840 ) ( 1204.600, 1123.580 )


SHORT: ( Metal Short ) Special Wire of Net VDD & Pin of Cell I0/byte_controller/bit_controller/sub_228/U16  ( M1 )
Bounds : ( 1201.240, 1127.700 ) ( 1204.600, 1128.440 )


SHORT: ( Metal Short ) Special Wire of Net VDD & Pin of Cell I0/byte_controller/bit_controller/sub_228/U13  ( M1 )
Bounds : ( 1201.800, 1116.500 ) ( 1202.920, 1117.980 )


SHORT: ( Metal Short ) Special Wire of Net VDD & Pin of Cell I0/byte_controller/bit_controller/sub_228/U14  ( M1 )
Bounds : ( 1201.800, 1117.240 ) ( 1204.040, 1117.980 )


SHORT: ( Metal Short ) Special Wire of Net VSS & Pin of Cell I0/byte_controller/bit_controller/sub_228/U14  ( M1 )
Bounds : ( 1201.800, 1122.100 ) ( 1204.040, 1123.580 )


SHORT: ( Metal Short ) Special Wire of Net VDD & Pin of Cell I0/U138  ( M1 )
Bounds : ( 1204.040, 994.040 ) ( 1206.280, 994.780 )


SHORT: ( Metal Short ) Special Wire of Net VSS & Pin of Cell I0/U138  ( M1 )
Bounds : ( 1204.040, 998.900 ) ( 1206.280, 999.640 )


SHORT: ( Metal Short ) Special Wire of Net VSS & Pin of Cell I0/U137  ( M1 )
Bounds : ( 1204.040, 1078.040 ) ( 1206.280, 1078.780 )


SHORT: ( Metal Short ) Special Wire of Net VDD & Pin of Cell I0/U137  ( M1 )
Bounds : ( 1204.040, 1082.900 ) ( 1206.280, 1083.640 )


SHORT: ( Metal Short ) Special Wire of Net VDD & Pin of Cell I0/byte_controller/bit_controller/sub_228/U16  ( M1 )
Bounds : ( 1204.040, 1127.700 ) ( 1204.600, 1129.180 )


SHORT: ( Metal Short ) Special Wire of Net VDD & Pin of Cell I0/byte_controller/bit_controller/sub_228/U1  ( M1 )
Bounds : ( 1204.040, 1128.440 ) ( 1205.160, 1129.180 )


SHORT: ( Metal Short ) Special Wire of Net VSS & Pin of Cell I0/byte_controller/bit_controller/sub_228/U17  ( M1 )
Bounds : ( 1204.040, 1133.300 ) ( 1205.160, 1134.780 )


SHORT: ( Metal Short ) Special Wire of Net VSS & Pin of Cell I0/U138  ( M1 )
Bounds : ( 1204.600, 998.900 ) ( 1206.280, 1000.380 )


SHORT: ( Metal Short ) Special Wire of Net VSS & Pin of Cell I0/U140  ( M1 )
Bounds : ( 1204.600, 999.640 ) ( 1206.840, 1000.380 )


SHORT: ( Metal Short ) Special Wire of Net VDD & Pin of Cell I0/U140  ( M1 )
Bounds : ( 1204.600, 1004.500 ) ( 1206.840, 1005.980 )


SHORT: ( Metal Short ) Special Wire of Net VSS & Pin of Cell I0/U139  ( M1 )
Bounds : ( 1204.600, 1010.100 ) ( 1206.840, 1010.840 )


SHORT: ( Metal Short ) Special Wire of Net VSS & Pin of Cell I0/U136  ( M1 )
Bounds : ( 1204.600, 1089.240 ) ( 1206.840, 1089.980 )


SHORT: ( Metal Short ) Special Wire of Net VDD & Pin of Cell I0/U136  ( M1 )
Bounds : ( 1204.600, 1094.100 ) ( 1206.840, 1095.580 )


SHORT: ( Metal Short ) Special Wire of Net VSS & Pin of Cell I0/U134  ( M1 )
Bounds : ( 1204.600, 1099.700 ) ( 1206.840, 1101.180 )


SHORT: ( Metal Short ) Special Wire of Net VDD & Pin of Cell I0/U135  ( M1 )
Bounds : ( 1204.600, 1105.300 ) ( 1206.840, 1106.040 )


SHORT: ( Metal Short ) Special Wire of Net VSS & Pin of Cell I0/byte_controller/bit_controller/U5  ( M1 )
Bounds : ( 1187.240, 1133.300 ) ( 1193.960, 1134.040 )


SHORT: ( Metal Short ) Special Wire of Net VDD & Pin of Cell I0/byte_controller/bit_controller/cnt_reg[13]  ( M1 )
Bounds : ( 1187.240, 1127.700 ) ( 1193.960, 1129.180 )


SHORT: ( Metal Short ) Special Wire of Net VDD & Pin of Cell I0/byte_controller/bit_controller/U4  ( M1 )
Bounds : ( 1187.240, 1116.500 ) ( 1193.960, 1117.240 )


SHORT: ( Metal Short ) Special Wire of Net VDD & Pin of Cell I0/byte_controller/bit_controller/U7  ( M1 )
Bounds : ( 1186.120, 1139.640 ) ( 1192.840, 1140.380 )


SHORT: ( Metal Short ) Special Wire of Net VDD & Pin of Cell I0/byte_controller/bit_controller/sub_228/U15  ( M1 )
Bounds : ( 1186.120, 1138.900 ) ( 1191.160, 1140.380 )


SHORT: ( Metal Short ) Special Wire of Net VDD & Pin of Cell I0/byte_controller/bit_controller/sub_228/U15  ( M1 )
Bounds : ( 1185.560, 1138.900 ) ( 1191.160, 1139.640 )


SHORT: ( Metal Short ) Special Wire of Net VSS & Pin of Cell I0/byte_controller/bit_controller/sub_228/U15  ( M1 )
Bounds : ( 1185.560, 1134.040 ) ( 1191.160, 1134.780 )


SHORT: ( Metal Short ) Special Wire of Net VSS & Pin of Cell I0/byte_controller/bit_controller/sub_228/U12  ( M1 )
Bounds : ( 1181.080, 1133.300 ) ( 1181.640, 1134.780 )


SHORT: ( Metal Short ) Special Wire of Net VSS & Pin of Cell I0/byte_controller/bit_controller/U103  ( M1 )
Bounds : ( 1181.080, 1133.300 ) ( 1184.440, 1134.040 )


SHORT: ( Metal Short ) Special Wire of Net VDD & Pin of Cell I0/byte_controller/bit_controller/U6  ( M1 )
Bounds : ( 1181.080, 1127.700 ) ( 1184.440, 1129.180 )


SHORT: ( Metal Short ) Special Wire of Net VDD & Pin of Cell I0/byte_controller/bit_controller/sub_228/U32  ( M1 )
Bounds : ( 1178.840, 1138.900 ) ( 1181.640, 1140.380 )


SHORT: ( Metal Short ) Special Wire of Net VSS & Pin of Cell I0/byte_controller/bit_controller/sub_228/U32  ( M1 )
Bounds : ( 1178.840, 1134.040 ) ( 1181.640, 1134.780 )


SHORT: ( Metal Short ) Special Wire of Net VDD & Pin of Cell I0/byte_controller/bit_controller/U6  ( M1 )
Bounds : ( 1178.840, 1127.700 ) ( 1185.560, 1128.440 )


SHORT: ( Metal Short ) Special Wire of Net VSS & Pin of Cell I0/byte_controller/bit_controller/U6  ( M1 )
Bounds : ( 1178.840, 1122.840 ) ( 1185.560, 1123.580 )


SHORT: ( Metal Short ) Special Wire of Net VDD & Pin of Cell I0/byte_controller/bit_controller/U100  ( M1 )
Bounds : ( 1178.280, 1139.640 ) ( 1181.640, 1140.380 )


SHORT: ( Metal Short ) Special Wire of Net VSS & Pin of Cell I0/byte_controller/bit_controller/sub_228/U12  ( M1 )
Bounds : ( 1175.480, 1133.300 ) ( 1178.840, 1134.040 )


SHORT: ( Metal Short ) Special Wire of Net VDD & Pin of Cell I0/byte_controller/bit_controller/sub_228/U12  ( M1 )
Bounds : ( 1175.480, 1128.440 ) ( 1178.840, 1129.180 )


SHORT: ( Metal Short ) Special Wire of Net VDD & Pin of Cell I0/byte_controller/bit_controller/cnt_reg[1]  ( M1 )
Bounds : ( 1168.760, 1138.900 ) ( 1171.000, 1140.380 )


SHORT: ( Metal Short ) Special Wire of Net VSS & Pin of Cell I0/byte_controller/bit_controller/sub_228/U17  ( M1 )
Bounds : ( 1187.240, 1133.300 ) ( 1191.160, 1134.780 )


SHORT: ( Metal Short ) Special Wire of Net VDD & Pin of Cell I0/U83  ( M1 )
Bounds : ( 1141.880, 1116.500 ) ( 1147.480, 1117.240 )


SHORT: ( Metal Short ) Special Wire of Net VDD & Pin of Cell I0/byte_controller/bit_controller/cnt_reg[0]  ( M1 )
Bounds : ( 1151.960, 1128.440 ) ( 1163.720, 1129.180 )


SHORT: ( Metal Short ) Special Wire of Net VSS & Pin of Cell I0/byte_controller/bit_controller/cnt_reg[0]  ( M1 )
Bounds : ( 1151.960, 1133.300 ) ( 1163.720, 1134.040 )


SHORT: ( Metal Short ) Special Wire of Net VSS & Pin of Cell I0/byte_controller/bit_controller/cnt_reg[0]  ( M1 )
Bounds : ( 1153.640, 1133.300 ) ( 1160.360, 1134.780 )


SHORT: ( Metal Short ) Special Wire of Net VDD & Pin of Cell I0/byte_controller/bit_controller/U19  ( M1 )
Bounds : ( 1153.640, 1138.900 ) ( 1160.360, 1139.640 )


SHORT: ( Metal Short ) Special Wire of Net VDD & Pin of Cell I0/byte_controller/bit_controller/U19  ( M1 )
Bounds : ( 1157.000, 1138.900 ) ( 1158.120, 1140.380 )


SHORT: ( Metal Short ) Special Wire of Net VSS & Pin of Cell I0/byte_controller/bit_controller/cnt_reg[0]  ( M1 )
Bounds : ( 1163.160, 1133.300 ) ( 1163.720, 1134.780 )


SHORT: ( Metal Short ) Special Wire of Net VDD & Pin of Cell I0/byte_controller/bit_controller/cnt_reg[1]  ( M1 )
Bounds : ( 1163.160, 1138.900 ) ( 1174.920, 1139.640 )


SHORT: ( Metal Short ) Special Wire of Net VSS & Pin of Cell I0/byte_controller/bit_controller/cnt_reg[1]  ( M1 )
Bounds : ( 1163.160, 1134.040 ) ( 1174.920, 1134.780 )


SHORT: ( Metal Short ) Special Wire of Net VDD & Pin of Cell I0/prer_reg[2]  ( M1 )
Bounds : ( 1151.400, 1116.500 ) ( 1168.200, 1117.240 )


SHORT: ( Metal Short ) Special Wire of Net VDD & Pin of Cell I0/byte_controller/bit_controller/U18  ( M1 )
Bounds : ( 1166.520, 1128.440 ) ( 1173.240, 1129.180 )


SHORT: ( Metal Short ) Special Wire of Net VSS & Pin of Cell I0/byte_controller/bit_controller/cnt_reg[0]  ( M1 )
Bounds : ( 1166.520, 1133.300 ) ( 1173.240, 1134.780 )


SHORT: ( Metal Short ) Special Wire of Net VSS & Pin of Cell I0/prer_reg[3]  ( M1 )
Bounds : ( 1174.920, 1099.700 ) ( 1191.720, 1100.440 )


SHORT: ( Metal Short ) Special Wire of Net VDD & Pin of Cell I0/prer_reg[3]  ( M1 )
Bounds : ( 1174.920, 1094.840 ) ( 1191.720, 1095.580 )


SHORT: ( Metal Short ) Special Wire of Net VSS & Pin of Cell I0/prer_reg[12]  ( M1 )
Bounds : ( 1174.920, 1088.500 ) ( 1191.720, 1089.240 )


SHORT: ( Metal Short ) Special Wire of Net VDD & Pin of Cell I0/prer_reg[10]  ( M1 )
Bounds : ( 1174.360, 1105.300 ) ( 1183.320, 1106.780 )


SHORT: ( Metal Short ) Special Wire of Net VDD & Pin of Cell I0/prer_reg[11]  ( M1 )
Bounds : ( 1174.360, 1105.300 ) ( 1191.160, 1106.040 )


SHORT: ( Metal Short ) Special Wire of Net VSS & Pin of Cell I0/prer_reg[11]  ( M1 )
Bounds : ( 1174.360, 1100.440 ) ( 1191.160, 1101.180 )


SHORT: ( Metal Short ) Special Wire of Net VSS & Pin of Cell I0/U109  ( M1 )
Bounds : ( 1169.320, 1088.500 ) ( 1170.440, 1089.240 )


SHORT: ( Metal Short ) Special Wire of Net VSS & Pin of Cell I0/prer_reg[3]  ( M1 )
Bounds : ( 1174.920, 1099.700 ) ( 1191.160, 1101.180 )


SHORT: ( Metal Short ) Special Wire of Net VSS & Pin of Cell I0/prer_reg[12]  ( M1 )
Bounds : ( 1181.640, 1088.500 ) ( 1183.880, 1089.980 )


SHORT: ( Metal Short ) Special Wire of Net VDD & Pin of Cell I0/U101  ( M1 )
Bounds : ( 1181.640, 1094.100 ) ( 1183.880, 1095.580 )


SHORT: ( Metal Short ) Special Wire of Net VDD & Pin of Cell I0/prer_reg[10]  ( M1 )
Bounds : ( 1186.680, 1105.300 ) ( 1191.160, 1106.780 )


SHORT: ( Metal Short ) Special Wire of Net VSS & Pin of Cell I0/byte_controller/bit_controller/cnt_reg[15]  ( M1 )
Bounds : ( 1187.240, 1110.900 ) ( 1193.960, 1112.380 )


SHORT: ( Metal Short ) Special Wire of Net VSS & Pin of Cell I0/U83  ( M1 )
Bounds : ( 1141.880, 1111.640 ) ( 1147.480, 1112.380 )


SHORT: ( Metal Short ) Special Wire of Net VDD & Pin of Cell I0/U108  ( M1 )
Bounds : ( 1146.920, 1094.840 ) ( 1148.040, 1095.580 )


SHORT: ( Metal Short ) Special Wire of Net VSS & Pin of Cell I0/U108  ( M1 )
Bounds : ( 1146.920, 1099.700 ) ( 1148.040, 1100.440 )


SHORT: ( Metal Short ) Special Wire of Net VSS & Pin of Cell I0/prer_reg[8]  ( M1 )
Bounds : ( 1147.480, 1088.500 ) ( 1164.280, 1089.240 )


SHORT: ( Metal Short ) Special Wire of Net VSS & Pin of Cell I0/prer_reg[8]  ( M1 )
Bounds : ( 1148.600, 1088.500 ) ( 1164.280, 1089.980 )


SHORT: ( Metal Short ) Special Wire of Net VSS & Pin of Cell I0/prer_reg[0]  ( M1 )
Bounds : ( 1148.600, 1089.240 ) ( 1165.400, 1089.980 )


SHORT: ( Metal Short ) Special Wire of Net VDD & Pin of Cell I0/prer_reg[0]  ( M1 )
Bounds : ( 1148.600, 1094.100 ) ( 1165.400, 1094.840 )


SHORT: ( Metal Short ) Special Wire of Net VDD & Pin of Cell I0/prer_reg[9]  ( M1 )
Bounds : ( 1148.600, 1106.040 ) ( 1165.400, 1106.780 )


SHORT: ( Metal Short ) Special Wire of Net VSS & Pin of Cell I0/prer_reg[9]  ( M1 )
Bounds : ( 1148.600, 1110.900 ) ( 1165.400, 1111.640 )


SHORT: ( Metal Short ) Special Wire of Net VSS & Pin of Cell I0/prer_reg[10]  ( M1 )
Bounds : ( 1149.720, 1100.440 ) ( 1166.520, 1101.180 )


SHORT: ( Metal Short ) Special Wire of Net VDD & Pin of Cell I0/prer_reg[10]  ( M1 )
Bounds : ( 1149.720, 1105.300 ) ( 1166.520, 1106.040 )


SHORT: ( Metal Short ) Special Wire of Net VDD & Pin of Cell I0/prer_reg[10]  ( M1 )
Bounds : ( 1149.720, 1105.300 ) ( 1165.400, 1106.780 )


SHORT: ( Metal Short ) Special Wire of Net VSS & Pin of Cell I0/prer_reg[9]  ( M1 )
Bounds : ( 1151.400, 1110.900 ) ( 1165.400, 1112.380 )


SHORT: ( Metal Short ) Special Wire of Net VDD & Pin of Cell I0/prer_reg[0]  ( M1 )
Bounds : ( 1152.520, 1094.100 ) ( 1154.760, 1095.580 )


SHORT: ( Metal Short ) Special Wire of Net VSS & Pin of Cell I0/U107  ( M1 )
Bounds : ( 1152.520, 1099.700 ) ( 1154.760, 1101.180 )


SHORT: ( Metal Short ) Special Wire of Net VDD & Pin of Cell I0/prer_reg[0]  ( M1 )
Bounds : ( 1159.800, 1094.100 ) ( 1160.920, 1095.580 )


SHORT: ( Metal Short ) Special Wire of Net VSS & Pin of Cell I0/U107  ( M1 )
Bounds : ( 1159.800, 1099.700 ) ( 1160.920, 1101.180 )


SHORT: ( Metal Short ) Special Wire of Net VSS & Pin of Cell I0/prer_reg[1]  ( M1 )
Bounds : ( 1166.520, 1110.900 ) ( 1183.320, 1111.640 )


SHORT: ( Metal Short ) Special Wire of Net VDD & Pin of Cell I0/prer_reg[1]  ( M1 )
Bounds : ( 1166.520, 1106.040 ) ( 1183.320, 1106.780 )


SHORT: ( Metal Short ) Special Wire of Net VSS & Pin of Cell I0/prer_reg[2]  ( M1 )
Bounds : ( 1151.400, 1111.640 ) ( 1168.200, 1112.380 )


SHORT: ( Metal Short ) Special Wire of Net VSS & Pin of Cell I0/prer_reg[9]  ( M1 )
Bounds : ( 1166.520, 1110.900 ) ( 1168.200, 1112.380 )


SHORT: ( Metal Short ) Special Wire of Net VDD & Pin of Cell I0/U99  ( M1 )
Bounds : ( 1167.080, 1094.840 ) ( 1169.320, 1095.580 )


SHORT: ( Metal Short ) Special Wire of Net VSS & Pin of Cell I0/U99  ( M1 )
Bounds : ( 1167.080, 1099.700 ) ( 1169.320, 1100.440 )


SHORT: ( Metal Short ) Special Wire of Net VDD & Pin of Cell I0/byte_controller/bit_controller/sub_260/U1  ( M1 )
Bounds : ( 1127.880, 1139.640 ) ( 1129.000, 1140.380 )


SHORT: ( Metal Short ) Special Wire of Net VDD & Pin of Cell I0/byte_controller/bit_controller/U143  ( M1 )
Bounds : ( 1127.320, 1127.700 ) ( 1131.800, 1129.180 )


SHORT: ( Metal Short ) Special Wire of Net VSS & Pin of Cell I0/byte_controller/bit_controller/U143  ( M1 )
Bounds : ( 1127.320, 1122.840 ) ( 1131.800, 1123.580 )


SHORT: ( Metal Short ) Special Wire of Net VSS & Pin of Cell I0/byte_controller/bit_controller/sub_260/U15  ( M1 )
Bounds : ( 1126.200, 1133.300 ) ( 1131.800, 1134.040 )


SHORT: ( Metal Short ) Special Wire of Net VDD & Pin of Cell I0/byte_controller/bit_controller/sub_260/U15  ( M1 )
Bounds : ( 1126.200, 1128.440 ) ( 1131.800, 1129.180 )


SHORT: ( Metal Short ) Special Wire of Net VDD & Pin of Cell I0/ctr_reg[2]  ( M1 )
Bounds : ( 1125.640, 1116.500 ) ( 1126.200, 1117.980 )


SHORT: ( Metal Short ) Special Wire of Net VSS & Pin of Cell I0/byte_controller/bit_controller/U126  ( M1 )
Bounds : ( 1122.840, 1122.100 ) ( 1126.200, 1122.840 )


SHORT: ( Metal Short ) Special Wire of Net VDD & Pin of Cell I0/byte_controller/bit_controller/U126  ( M1 )
Bounds : ( 1122.840, 1117.240 ) ( 1126.200, 1117.980 )


SHORT: ( Metal Short ) Special Wire of Net VDD & Pin of Cell I0/byte_controller/bit_controller/sub_260/U16  ( M1 )
Bounds : ( 1121.720, 1139.640 ) ( 1125.080, 1140.380 )


SHORT: ( Metal Short ) Special Wire of Net VDD & Pin of Cell I0/byte_controller/bit_controller/filter_cnt_reg[11]  ( M1 )
Bounds : ( 1121.720, 1138.900 ) ( 1123.400, 1140.380 )


SHORT: ( Metal Short ) Special Wire of Net VSS & Pin of Cell I0/byte_controller/bit_controller/U144  ( M1 )
Bounds : ( 1120.040, 1133.300 ) ( 1123.400, 1134.780 )


SHORT: ( Metal Short ) Special Wire of Net VSS & Pin of Cell I0/byte_controller/bit_controller/U144  ( M1 )
Bounds : ( 1120.040, 1133.300 ) ( 1124.520, 1134.040 )


SHORT: ( Metal Short ) Special Wire of Net VDD & Pin of Cell I0/byte_controller/bit_controller/U144  ( M1 )
Bounds : ( 1120.040, 1128.440 ) ( 1124.520, 1129.180 )


SHORT: ( Metal Short ) Special Wire of Net VDD & Pin of Cell I0/byte_controller/bit_controller/U113  ( M1 )
Bounds : ( 1120.040, 1127.700 ) ( 1121.160, 1129.180 )


SHORT: ( Metal Short ) Special Wire of Net VDD & Pin of Cell I0/U131  ( M1 )
Bounds : ( 1120.040, 1116.500 ) ( 1122.840, 1117.240 )


SHORT: ( Metal Short ) Special Wire of Net VDD & Pin of Cell I0/byte_controller/bit_controller/U113  ( M1 )
Bounds : ( 1118.360, 1127.700 ) ( 1121.160, 1128.440 )


SHORT: ( Metal Short ) Special Wire of Net VSS & Pin of Cell I0/byte_controller/bit_controller/U113  ( M1 )
Bounds : ( 1118.360, 1122.840 ) ( 1121.160, 1123.580 )


SHORT: ( Metal Short ) Special Wire of Net VDD & Pin of Cell I0/byte_controller/bit_controller/filter_cnt_reg[11]  ( M1 )
Bounds : ( 1116.680, 1138.900 ) ( 1118.920, 1140.380 )


SHORT: ( Metal Short ) Special Wire of Net VSS & Pin of Cell I0/byte_controller/bit_controller/U112  ( M1 )
Bounds : ( 1116.120, 1122.100 ) ( 1118.360, 1122.840 )


SHORT: ( Metal Short ) Special Wire of Net VDD & Pin of Cell I0/byte_controller/bit_controller/U112  ( M1 )
Bounds : ( 1116.120, 1117.240 ) ( 1118.360, 1117.980 )


SHORT: ( Metal Short ) Special Wire of Net VDD & Pin of Cell I0/U120  ( M1 )
Bounds : ( 1115.000, 1116.500 ) ( 1116.120, 1117.240 )


SHORT: ( Metal Short ) Special Wire of Net VDD & Pin of Cell I0/byte_controller/bit_controller/filter_cnt_reg[11]  ( M1 )
Bounds : ( 1111.640, 1138.900 ) ( 1123.400, 1139.640 )


SHORT: ( Metal Short ) Special Wire of Net VSS & Pin of Cell I0/byte_controller/bit_controller/filter_cnt_reg[11]  ( M1 )
Bounds : ( 1111.640, 1134.040 ) ( 1123.400, 1134.780 )


SHORT: ( Metal Short ) Special Wire of Net VSS & Pin of Cell I0/byte_controller/bit_controller/filter_cnt_reg[12]  ( M1 )
Bounds : ( 1129.000, 1133.300 ) ( 1131.800, 1134.780 )


SHORT: ( Metal Short ) Special Wire of Net VSS & Pin of Cell I0/byte_controller/bit_controller/sub_260/U13  ( M1 )
Bounds : ( 1129.000, 1134.040 ) ( 1134.600, 1134.780 )


SHORT: ( Metal Short ) Special Wire of Net VDD & Pin of Cell I0/byte_controller/bit_controller/sub_260/U13  ( M1 )
Bounds : ( 1129.000, 1138.900 ) ( 1134.600, 1139.640 )


SHORT: ( Metal Short ) Special Wire of Net VDD & Pin of Cell I0/byte_controller/bit_controller/sub_260/U13  ( M1 )
Bounds : ( 1131.800, 1138.900 ) ( 1134.040, 1140.380 )


SHORT: ( Metal Short ) Special Wire of Net VSS & Pin of Cell I0/byte_controller/bit_controller/filter_cnt_reg[12]  ( M1 )
Bounds : ( 1134.040, 1133.300 ) ( 1134.600, 1134.780 )


SHORT: ( Metal Short ) Special Wire of Net VSS & Pin of Cell I0/U116  ( M1 )
Bounds : ( 1097.080, 1122.100 ) ( 1098.200, 1123.580 )


SHORT: ( Metal Short ) Special Wire of Net VDD & Pin of Cell I0/cr_reg[2]  ( M1 )
Bounds : ( 1097.080, 1116.500 ) ( 1098.200, 1117.980 )


SHORT: ( Metal Short ) Special Wire of Net VSS & Pin of Cell I0/U116  ( M1 )
Bounds : ( 1095.960, 1122.100 ) ( 1098.200, 1122.840 )


SHORT: ( Metal Short ) Special Wire of Net VDD & Pin of Cell I0/U116  ( M1 )
Bounds : ( 1095.960, 1117.240 ) ( 1098.200, 1117.980 )


SHORT: ( Metal Short ) Special Wire of Net VDD & Pin of Cell I0/cr_reg[2]  ( M1 )
Bounds : ( 1097.080, 1116.500 ) ( 1112.760, 1117.240 )


SHORT: ( Metal Short ) Special Wire of Net VSS & Pin of Cell I0/cr_reg[1]  ( M1 )
Bounds : ( 1097.080, 1122.840 ) ( 1112.760, 1123.580 )


SHORT: ( Metal Short ) Special Wire of Net VDD & Pin of Cell I0/cr_reg[1]  ( M1 )
Bounds : ( 1097.080, 1127.700 ) ( 1112.760, 1128.440 )


SHORT: ( Metal Short ) Special Wire of Net VDD & Pin of Cell I0/U42  ( M1 )
Bounds : ( 1118.920, 1094.100 ) ( 1121.160, 1095.580 )


SHORT: ( Metal Short ) Special Wire of Net VDD & Pin of Cell I0/U42  ( M1 )
Bounds : ( 1118.920, 1094.100 ) ( 1121.720, 1094.840 )


SHORT: ( Metal Short ) Special Wire of Net VSS & Pin of Cell I0/U42  ( M1 )
Bounds : ( 1118.920, 1089.240 ) ( 1121.720, 1089.980 )


SHORT: ( Metal Short ) Special Wire of Net VSS & Pin of Cell I0/U132  ( M1 )
Bounds : ( 1118.360, 1099.700 ) ( 1121.160, 1100.440 )


SHORT: ( Metal Short ) Special Wire of Net VDD & Pin of Cell I0/U132  ( M1 )
Bounds : ( 1118.360, 1094.840 ) ( 1121.160, 1095.580 )


SHORT: ( Metal Short ) Special Wire of Net VSS & Pin of Cell I0/U120  ( M1 )
Bounds : ( 1115.000, 1111.640 ) ( 1116.120, 1112.380 )


SHORT: ( Metal Short ) Special Wire of Net VSS & Pin of Cell I0/U126  ( M1 )
Bounds : ( 1115.000, 1110.900 ) ( 1115.560, 1112.380 )


SHORT: ( Metal Short ) Special Wire of Net VSS & Pin of Cell I0/U126  ( M1 )
Bounds : ( 1114.440, 1110.900 ) ( 1115.560, 1111.640 )


SHORT: ( Metal Short ) Special Wire of Net VDD & Pin of Cell I0/U39  ( M1 )
Bounds : ( 1112.760, 1105.300 ) ( 1115.560, 1106.040 )


SHORT: ( Metal Short ) Special Wire of Net VSS & Pin of Cell I0/U39  ( M1 )
Bounds : ( 1112.760, 1100.440 ) ( 1115.560, 1101.180 )


SHORT: ( Metal Short ) Special Wire of Net VSS & Pin of Cell I0/txr_reg[1]  ( M1 )
Bounds : ( 1112.760, 1099.700 ) ( 1113.320, 1101.180 )


SHORT: ( Metal Short ) Special Wire of Net VDD & Pin of Cell I0/U82  ( M1 )
Bounds : ( 1112.760, 1094.100 ) ( 1113.320, 1095.580 )


SHORT: ( Metal Short ) Special Wire of Net VDD & Pin of Cell I0/U40  ( M1 )
Bounds : ( 1112.760, 1094.100 ) ( 1115.560, 1094.840 )


SHORT: ( Metal Short ) Special Wire of Net VSS & Pin of Cell I0/txr_reg[2]  ( M1 )
Bounds : ( 1112.760, 1088.500 ) ( 1115.560, 1089.980 )


SHORT: ( Metal Short ) Special Wire of Net VDD & Pin of Cell I0/U39  ( M1 )
Bounds : ( 1114.440, 1105.300 ) ( 1115.560, 1106.780 )


SHORT: ( Metal Short ) Special Wire of Net VSS & Pin of Cell I0/U132  ( M1 )
Bounds : ( 1120.040, 1099.700 ) ( 1121.160, 1101.180 )


SHORT: ( Metal Short ) Special Wire of Net VDD & Pin of Cell I0/U119  ( M1 )
Bounds : ( 1120.040, 1105.300 ) ( 1121.160, 1106.040 )


SHORT: ( Metal Short ) Special Wire of Net VSS & Pin of Cell I0/U131  ( M1 )
Bounds : ( 1120.040, 1111.640 ) ( 1122.840, 1112.380 )


SHORT: ( Metal Short ) Special Wire of Net VDD & Pin of Cell I0/U119  ( M1 )
Bounds : ( 1120.600, 1105.300 ) ( 1121.160, 1106.780 )


SHORT: ( Metal Short ) Special Wire of Net VDD & Pin of Cell I0/U130  ( M1 )
Bounds : ( 1120.600, 1106.040 ) ( 1123.400, 1106.780 )


SHORT: ( Metal Short ) Special Wire of Net VSS & Pin of Cell I0/U130  ( M1 )
Bounds : ( 1120.600, 1110.900 ) ( 1123.400, 1111.640 )


SHORT: ( Metal Short ) Special Wire of Net VSS & Pin of Cell I0/U130  ( M1 )
Bounds : ( 1120.600, 1110.900 ) ( 1122.840, 1112.380 )


SHORT: ( Metal Short ) Special Wire of Net VDD & Pin of Cell I0/ctr_reg[1]  ( M1 )
Bounds : ( 1127.880, 1105.300 ) ( 1130.680, 1106.780 )


SHORT: ( Metal Short ) Special Wire of Net VSS & Pin of Cell I0/U141  ( M1 )
Bounds : ( 1127.880, 1110.900 ) ( 1130.680, 1112.380 )


SHORT: ( Metal Short ) Special Wire of Net VSS & Pin of Cell I0/txr_reg[2]  ( M1 )
Bounds : ( 1099.880, 1088.500 ) ( 1103.240, 1089.980 )


SHORT: ( Metal Short ) Special Wire of Net VSS & Pin of Cell I0/U122  ( M1 )
Bounds : ( 1097.640, 1110.900 ) ( 1100.440, 1112.380 )


SHORT: ( Metal Short ) Special Wire of Net VDD & Pin of Cell I0/U85  ( M1 )
Bounds : ( 1097.640, 1105.300 ) ( 1100.440, 1106.780 )


SHORT: ( Metal Short ) Special Wire of Net VDD & Pin of Cell I0/U85  ( M1 )
Bounds : ( 1097.640, 1105.300 ) ( 1101.000, 1106.040 )


SHORT: ( Metal Short ) Special Wire of Net VSS & Pin of Cell I0/txr_reg[1]  ( M1 )
Bounds : ( 1097.640, 1099.700 ) ( 1101.000, 1101.180 )


SHORT: ( Metal Short ) Special Wire of Net VDD & Pin of Cell I0/U82  ( M1 )
Bounds : ( 1097.640, 1094.100 ) ( 1103.240, 1095.580 )


SHORT: ( Metal Short ) Special Wire of Net VSS & Pin of Cell I0/U82  ( M1 )
Bounds : ( 1097.640, 1089.240 ) ( 1103.240, 1089.980 )


SHORT: ( Metal Short ) Special Wire of Net VSS & Pin of Cell I0/U117  ( M1 )
Bounds : ( 1092.600, 1088.500 ) ( 1093.160, 1089.980 )


SHORT: ( Metal Short ) Special Wire of Net VSS & Pin of Cell I0/U124  ( M1 )
Bounds : ( 1090.360, 1089.240 ) ( 1093.160, 1089.980 )


SHORT: ( Metal Short ) Special Wire of Net VDD & Pin of Cell I0/U124  ( M1 )
Bounds : ( 1090.360, 1094.100 ) ( 1093.160, 1094.840 )


SHORT: ( Metal Short ) Special Wire of Net VSS & Pin of Cell I0/U117  ( M1 )
Bounds : ( 1092.600, 1088.500 ) ( 1094.840, 1089.240 )


SHORT: ( Metal Short ) Special Wire of Net VSS & Pin of Cell I0/cr_reg[2]  ( M1 )
Bounds : ( 1097.080, 1111.640 ) ( 1112.760, 1112.380 )


SHORT: ( Metal Short ) Special Wire of Net VDD & Pin of Cell I0/txr_reg[1]  ( M1 )
Bounds : ( 1097.640, 1094.840 ) ( 1113.320, 1095.580 )


SHORT: ( Metal Short ) Special Wire of Net VSS & Pin of Cell I0/txr_reg[1]  ( M1 )
Bounds : ( 1097.640, 1099.700 ) ( 1113.320, 1100.440 )


SHORT: ( Metal Short ) Special Wire of Net VSS & Pin of Cell I0/txr_reg[2]  ( M1 )
Bounds : ( 1099.880, 1088.500 ) ( 1115.560, 1089.240 )


SHORT: ( Metal Short ) Special Wire of Net VSS & Pin of Cell I0/ctr_reg[3]  ( M1 )
Bounds : ( 1125.080, 1088.500 ) ( 1140.760, 1089.240 )


SHORT: ( Metal Short ) Special Wire of Net VSS & Pin of Cell I0/ctr_reg[1]  ( M1 )
Bounds : ( 1125.640, 1100.440 ) ( 1141.320, 1101.180 )


SHORT: ( Metal Short ) Special Wire of Net VDD & Pin of Cell I0/ctr_reg[1]  ( M1 )
Bounds : ( 1125.640, 1105.300 ) ( 1141.320, 1106.040 )


SHORT: ( Metal Short ) Special Wire of Net VSS & Pin of Cell I0/ctr_reg[2]  ( M1 )
Bounds : ( 1125.640, 1111.640 ) ( 1141.320, 1112.380 )


SHORT: ( Metal Short ) Special Wire of Net VDD & Pin of Cell I0/ctr_reg[2]  ( M1 )
Bounds : ( 1125.640, 1116.500 ) ( 1141.320, 1117.240 )


SHORT: ( Metal Short ) Special Wire of Net VSS & Pin of Cell I0/ctr_reg[3]  ( M1 )
Bounds : ( 1134.040, 1088.500 ) ( 1139.640, 1089.980 )


SHORT: ( Metal Short ) Special Wire of Net VDD & Pin of Cell I0/U87  ( M1 )
Bounds : ( 1134.040, 1094.100 ) ( 1139.640, 1094.840 )


SHORT: ( Metal Short ) Special Wire of Net VDD & Pin of Cell I0/byte_controller/bit_controller/filter_cnt_reg[12]  ( M1 )
Bounds : ( 1134.040, 1128.440 ) ( 1145.800, 1129.180 )


SHORT: ( Metal Short ) Special Wire of Net VSS & Pin of Cell I0/byte_controller/bit_controller/filter_cnt_reg[12]  ( M1 )
Bounds : ( 1134.040, 1133.300 ) ( 1145.800, 1134.040 )


SHORT: ( Metal Short ) Special Wire of Net VDD & Pin of Cell I0/U87  ( M1 )
Bounds : ( 1134.600, 1094.100 ) ( 1139.640, 1095.580 )


SHORT: ( Metal Short ) Special Wire of Net VDD & Pin of Cell I0/U81  ( M1 )
Bounds : ( 1134.600, 1094.840 ) ( 1140.200, 1095.580 )


SHORT: ( Metal Short ) Special Wire of Net VSS & Pin of Cell I0/U81  ( M1 )
Bounds : ( 1134.600, 1099.700 ) ( 1140.200, 1101.180 )


SHORT: ( Metal Short ) Special Wire of Net VSS & Pin of Cell I0/byte_controller/bit_controller/U142  ( M1 )
Bounds : ( 1135.160, 1122.840 ) ( 1139.640, 1123.580 )


SHORT: ( Metal Short ) Special Wire of Net VDD & Pin of Cell I0/byte_controller/bit_controller/U142  ( M1 )
Bounds : ( 1135.160, 1127.700 ) ( 1139.640, 1129.180 )


SHORT: ( Metal Short ) Special Wire of Net VDD & Pin of Cell I0/ctr_reg[1]  ( M1 )
Bounds : ( 1136.280, 1105.300 ) ( 1141.320, 1106.780 )


SHORT: ( Metal Short ) Special Wire of Net VDD & Pin of Cell I0/U84  ( M1 )
Bounds : ( 1136.280, 1106.040 ) ( 1141.880, 1106.780 )


SHORT: ( Metal Short ) Special Wire of Net VSS & Pin of Cell I0/U84  ( M1 )
Bounds : ( 1136.280, 1110.900 ) ( 1141.880, 1111.640 )


SHORT: ( Metal Short ) Special Wire of Net VSS & Pin of Cell I0/U141  ( M1 )
Bounds : ( 1136.280, 1110.900 ) ( 1141.320, 1112.380 )


SHORT: ( Metal Short ) Special Wire of Net VSS & Pin of Cell I0/byte_controller/bit_controller/filter_cnt_reg[12]  ( M1 )
Bounds : ( 1136.840, 1133.300 ) ( 1145.800, 1134.780 )


SHORT: ( Metal Short ) Special Wire of Net VSS & Pin of Cell I0/byte_controller/bit_controller/filter_cnt_reg[13]  ( M1 )
Bounds : ( 1136.840, 1134.040 ) ( 1148.600, 1134.780 )


SHORT: ( Metal Short ) Special Wire of Net VDD & Pin of Cell I0/byte_controller/bit_controller/filter_cnt_reg[13]  ( M1 )
Bounds : ( 1136.840, 1138.900 ) ( 1148.600, 1139.640 )


SHORT: ( Metal Short ) Special Wire of Net VSS & Pin of Cell I0/U95  ( M1 )
Bounds : ( 1161.480, 1077.300 ) ( 1162.600, 1078.040 )


SHORT: ( Metal Short ) Special Wire of Net VDD & Pin of Cell I0/U95  ( M1 )
Bounds : ( 1161.480, 1072.440 ) ( 1162.600, 1073.180 )


SHORT: ( Metal Short ) Special Wire of Net VDD & Pin of Cell I0/U110  ( M1 )
Bounds : ( 1159.240, 1071.700 ) ( 1160.360, 1072.440 )


SHORT: ( Metal Short ) Special Wire of Net VSS & Pin of Cell I0/prer_reg[7]  ( M1 )
Bounds : ( 1159.240, 1066.100 ) ( 1160.360, 1067.580 )


SHORT: ( Metal Short ) Special Wire of Net VSS & Pin of Cell I0/prer_reg[7]  ( M1 )
Bounds : ( 1157.560, 1066.100 ) ( 1174.360, 1066.840 )


SHORT: ( Metal Short ) Special Wire of Net VDD & Pin of Cell I0/prer_reg[7]  ( M1 )
Bounds : ( 1157.560, 1061.240 ) ( 1174.360, 1061.980 )


SHORT: ( Metal Short ) Special Wire of Net VSS & Pin of Cell I0/prer_reg[14]  ( M1 )
Bounds : ( 1157.560, 1054.900 ) ( 1174.360, 1055.640 )


SHORT: ( Metal Short ) Special Wire of Net VSS & Pin of Cell I0/U68  ( M1 )
Bounds : ( 1155.880, 1078.040 ) ( 1159.240, 1078.780 )


SHORT: ( Metal Short ) Special Wire of Net VSS & Pin of Cell I0/U67  ( M1 )
Bounds : ( 1155.880, 1077.300 ) ( 1156.440, 1078.780 )


SHORT: ( Metal Short ) Special Wire of Net VSS & Pin of Cell I0/U67  ( M1 )
Bounds : ( 1153.080, 1077.300 ) ( 1156.440, 1078.040 )


SHORT: ( Metal Short ) Special Wire of Net VDD & Pin of Cell I0/U67  ( M1 )
Bounds : ( 1153.080, 1072.440 ) ( 1156.440, 1073.180 )


SHORT: ( Metal Short ) Special Wire of Net VSS & Pin of Cell I0/U79  ( M1 )
Bounds : ( 1141.880, 1077.300 ) ( 1147.480, 1078.040 )


SHORT: ( Metal Short ) Special Wire of Net VDD & Pin of Cell I0/U79  ( M1 )
Bounds : ( 1141.880, 1072.440 ) ( 1147.480, 1073.180 )


SHORT: ( Metal Short ) Special Wire of Net VDD & Pin of Cell I0/U75  ( M1 )
Bounds : ( 1141.880, 1060.500 ) ( 1147.480, 1061.980 )


SHORT: ( Metal Short ) Special Wire of Net VSS & Pin of Cell I0/ctr_reg[5]  ( M1 )
Bounds : ( 1141.880, 1054.900 ) ( 1147.480, 1056.380 )


SHORT: ( Metal Short ) Special Wire of Net VSS & Pin of Cell I0/ctr_reg[4]  ( M1 )
Bounds : ( 1140.200, 1066.100 ) ( 1155.880, 1066.840 )


SHORT: ( Metal Short ) Special Wire of Net VDD & Pin of Cell I0/ctr_reg[4]  ( M1 )
Bounds : ( 1140.200, 1061.240 ) ( 1155.880, 1061.980 )


SHORT: ( Metal Short ) Special Wire of Net VSS & Pin of Cell I0/ctr_reg[5]  ( M1 )
Bounds : ( 1139.080, 1054.900 ) ( 1154.760, 1055.640 )


SHORT: ( Metal Short ) Special Wire of Net VSS & Pin of Cell I0/U94  ( M1 )
Bounds : ( 1163.720, 1078.040 ) ( 1164.840, 1078.780 )


SHORT: ( Metal Short ) Special Wire of Net VDD & Pin of Cell I0/U94  ( M1 )
Bounds : ( 1163.720, 1082.900 ) ( 1164.840, 1083.640 )


SHORT: ( Metal Short ) Special Wire of Net VSS & Pin of Cell I0/byte_controller/bit_controller/U106  ( M1 )
Bounds : ( 1171.000, 1078.040 ) ( 1173.800, 1078.780 )


SHORT: ( Metal Short ) Special Wire of Net VDD & Pin of Cell I0/byte_controller/bit_controller/U106  ( M1 )
Bounds : ( 1171.000, 1082.900 ) ( 1173.800, 1083.640 )


SHORT: ( Metal Short ) Special Wire of Net VDD & Pin of Cell I0/prer_reg[4]  ( M1 )
Bounds : ( 1174.920, 1072.440 ) ( 1191.720, 1073.180 )


SHORT: ( Metal Short ) Special Wire of Net VSS & Pin of Cell I0/prer_reg[4]  ( M1 )
Bounds : ( 1174.920, 1077.300 ) ( 1191.720, 1078.040 )


SHORT: ( Metal Short ) Special Wire of Net VSS & Pin of Cell I0/prer_reg[13]  ( M1 )
Bounds : ( 1176.600, 1054.900 ) ( 1193.400, 1055.640 )


SHORT: ( Metal Short ) Special Wire of Net VDD & Pin of Cell I0/prer_reg[15]  ( M1 )
Bounds : ( 1176.600, 1061.240 ) ( 1193.400, 1061.980 )


SHORT: ( Metal Short ) Special Wire of Net VSS & Pin of Cell I0/prer_reg[15]  ( M1 )
Bounds : ( 1176.600, 1066.100 ) ( 1193.400, 1066.840 )


SHORT: ( Metal Short ) Special Wire of Net VSS & Pin of Cell I0/prer_reg[4]  ( M1 )
Bounds : ( 1181.640, 1077.300 ) ( 1183.880, 1078.780 )


SHORT: ( Metal Short ) Special Wire of Net VDD & Pin of Cell I0/byte_controller/bit_controller/U52  ( M1 )
Bounds : ( 1163.720, 1027.640 ) ( 1165.960, 1028.380 )


SHORT: ( Metal Short ) Special Wire of Net VDD & Pin of Cell I0/prer_reg[6]  ( M1 )
Bounds : ( 1158.680, 1049.300 ) ( 1174.360, 1050.780 )


SHORT: ( Metal Short ) Special Wire of Net VDD & Pin of Cell I0/prer_reg[6]  ( M1 )
Bounds : ( 1158.680, 1049.300 ) ( 1175.480, 1050.040 )


SHORT: ( Metal Short ) Special Wire of Net VSS & Pin of Cell I0/prer_reg[6]  ( M1 )
Bounds : ( 1158.680, 1044.440 ) ( 1175.480, 1045.180 )


SHORT: ( Metal Short ) Special Wire of Net VDD & Pin of Cell I0/prer_reg[14]  ( M1 )
Bounds : ( 1157.560, 1050.040 ) ( 1174.360, 1050.780 )


SHORT: ( Metal Short ) Special Wire of Net VDD & Pin of Cell I0/U111  ( M1 )
Bounds : ( 1157.000, 1026.900 ) ( 1158.120, 1027.640 )


SHORT: ( Metal Short ) Special Wire of Net VDD & Pin of Cell I0/txr_reg[5]  ( M1 )
Bounds : ( 1150.280, 1026.900 ) ( 1151.400, 1028.380 )


SHORT: ( Metal Short ) Special Wire of Net VDD & Pin of Cell I0/ctr_reg[5]  ( M1 )
Bounds : ( 1139.080, 1050.040 ) ( 1154.760, 1050.780 )


SHORT: ( Metal Short ) Special Wire of Net VDD & Pin of Cell I0/ctr_reg[7]  ( M1 )
Bounds : ( 1138.520, 1038.100 ) ( 1152.520, 1039.580 )


SHORT: ( Metal Short ) Special Wire of Net VDD & Pin of Cell I0/ctr_reg[7]  ( M1 )
Bounds : ( 1138.520, 1038.100 ) ( 1154.200, 1038.840 )


SHORT: ( Metal Short ) Special Wire of Net VSS & Pin of Cell I0/ctr_reg[7]  ( M1 )
Bounds : ( 1138.520, 1033.240 ) ( 1154.200, 1033.980 )


SHORT: ( Metal Short ) Special Wire of Net VSS & Pin of Cell I0/cr_reg[4]  ( M1 )
Bounds : ( 1138.520, 1032.500 ) ( 1151.960, 1033.980 )


SHORT: ( Metal Short ) Special Wire of Net VSS & Pin of Cell I0/byte_controller/bit_controller/U52  ( M1 )
Bounds : ( 1163.720, 1032.500 ) ( 1165.960, 1033.240 )


SHORT: ( Metal Short ) Special Wire of Net VDD & Pin of Cell I0/byte_controller/bit_controller/U127  ( M1 )
Bounds : ( 1164.280, 1026.900 ) ( 1165.400, 1028.380 )


SHORT: ( Metal Short ) Special Wire of Net VDD & Pin of Cell I0/U104  ( M1 )
Bounds : ( 1171.560, 1026.900 ) ( 1173.800, 1028.380 )


SHORT: ( Metal Short ) Special Wire of Net VSS & Pin of Cell I0/U105  ( M1 )
Bounds : ( 1171.560, 1032.500 ) ( 1173.800, 1033.240 )


SHORT: ( Metal Short ) Special Wire of Net VDD & Pin of Cell I0/prer_reg[5]  ( M1 )
Bounds : ( 1173.240, 1038.840 ) ( 1190.040, 1039.580 )


SHORT: ( Metal Short ) Special Wire of Net VSS & Pin of Cell I0/prer_reg[5]  ( M1 )
Bounds : ( 1173.240, 1043.700 ) ( 1190.040, 1044.440 )


SHORT: ( Metal Short ) Special Wire of Net VSS & Pin of Cell I0/prer_reg[5]  ( M1 )
Bounds : ( 1173.240, 1043.700 ) ( 1175.480, 1045.180 )


SHORT: ( Metal Short ) Special Wire of Net VDD & Pin of Cell I0/prer_reg[13]  ( M1 )
Bounds : ( 1176.600, 1050.040 ) ( 1193.400, 1050.780 )


SHORT: ( Metal Short ) Special Wire of Net VDD & Pin of Cell I0/U103  ( M1 )
Bounds : ( 1181.640, 1026.900 ) ( 1183.880, 1027.640 )


SHORT: ( Metal Short ) Special Wire of Net VDD & Pin of Cell I0/tip_reg  ( M1 )
Bounds : ( 1108.280, 1060.500 ) ( 1111.640, 1061.980 )


SHORT: ( Metal Short ) Special Wire of Net VSS & Pin of Cell I0/U90  ( M1 )
Bounds : ( 1108.280, 1066.100 ) ( 1111.640, 1067.580 )


SHORT: ( Metal Short ) Special Wire of Net VDD & Pin of Cell I0/U144  ( M1 )
Bounds : ( 1114.440, 1061.240 ) ( 1115.560, 1061.980 )


SHORT: ( Metal Short ) Special Wire of Net VSS & Pin of Cell I0/U90  ( M1 )
Bounds : ( 1114.440, 1066.100 ) ( 1115.560, 1067.580 )


SHORT: ( Metal Short ) Special Wire of Net VDD & Pin of Cell I0/U65  ( M1 )
Bounds : ( 1118.360, 1061.240 ) ( 1121.720, 1061.980 )


SHORT: ( Metal Short ) Special Wire of Net VSS & Pin of Cell I0/U65  ( M1 )
Bounds : ( 1118.360, 1066.100 ) ( 1121.720, 1066.840 )


SHORT: ( Metal Short ) Special Wire of Net VSS & Pin of Cell I0/U97  ( M1 )
Bounds : ( 1118.920, 1055.640 ) ( 1120.040, 1056.380 )


SHORT: ( Metal Short ) Special Wire of Net VDD & Pin of Cell I0/U97  ( M1 )
Bounds : ( 1118.920, 1060.500 ) ( 1120.040, 1061.980 )


SHORT: ( Metal Short ) Special Wire of Net VSS & Pin of Cell I0/wb_inta_o_reg  ( M1 )
Bounds : ( 1123.400, 1055.640 ) ( 1135.160, 1056.380 )


SHORT: ( Metal Short ) Special Wire of Net VDD & Pin of Cell I0/wb_inta_o_reg  ( M1 )
Bounds : ( 1123.400, 1060.500 ) ( 1135.160, 1061.240 )


SHORT: ( Metal Short ) Special Wire of Net VDD & Pin of Cell I0/U106  ( M1 )
Bounds : ( 1124.520, 1072.440 ) ( 1125.640, 1073.180 )


SHORT: ( Metal Short ) Special Wire of Net VSS & Pin of Cell I0/U106  ( M1 )
Bounds : ( 1124.520, 1077.300 ) ( 1125.640, 1078.040 )


SHORT: ( Metal Short ) Special Wire of Net VDD & Pin of Cell I0/wb_inta_o_reg  ( M1 )
Bounds : ( 1125.080, 1060.500 ) ( 1128.440, 1061.980 )


SHORT: ( Metal Short ) Special Wire of Net VSS & Pin of Cell I0/U44  ( M1 )
Bounds : ( 1125.080, 1066.100 ) ( 1128.440, 1066.840 )


SHORT: ( Metal Short ) Special Wire of Net VSS & Pin of Cell I0/U106  ( M1 )
Bounds : ( 1125.080, 1077.300 ) ( 1125.640, 1078.780 )


SHORT: ( Metal Short ) Special Wire of Net VSS & Pin of Cell I0/U72  ( M1 )
Bounds : ( 1129.000, 1054.900 ) ( 1134.600, 1056.380 )


SHORT: ( Metal Short ) Special Wire of Net VSS & Pin of Cell I0/U66  ( M1 )
Bounds : ( 1131.240, 1066.840 ) ( 1134.600, 1067.580 )


SHORT: ( Metal Short ) Special Wire of Net VDD & Pin of Cell I0/U66  ( M1 )
Bounds : ( 1131.240, 1071.700 ) ( 1134.600, 1072.440 )


SHORT: ( Metal Short ) Special Wire of Net VDD & Pin of Cell I0/U66  ( M1 )
Bounds : ( 1131.240, 1071.700 ) ( 1133.480, 1073.180 )


SHORT: ( Metal Short ) Special Wire of Net VSS & Pin of Cell I0/U106  ( M1 )
Bounds : ( 1131.240, 1077.300 ) ( 1133.480, 1078.780 )


SHORT: ( Metal Short ) Special Wire of Net VDD & Pin of Cell I0/wb_inta_o_reg  ( M1 )
Bounds : ( 1132.360, 1060.500 ) ( 1135.160, 1061.980 )


SHORT: ( Metal Short ) Special Wire of Net VDD & Pin of Cell I0/U69  ( M1 )
Bounds : ( 1132.360, 1061.240 ) ( 1137.960, 1061.980 )


SHORT: ( Metal Short ) Special Wire of Net VSS & Pin of Cell I0/U69  ( M1 )
Bounds : ( 1132.360, 1066.100 ) ( 1137.960, 1066.840 )


SHORT: ( Metal Short ) Special Wire of Net VSS & Pin of Cell I0/U69  ( M1 )
Bounds : ( 1132.360, 1066.100 ) ( 1134.600, 1067.580 )


SHORT: ( Metal Short ) Special Wire of Net VSS & Pin of Cell I0/U86  ( M1 )
Bounds : ( 1098.760, 1066.100 ) ( 1099.880, 1067.580 )


SHORT: ( Metal Short ) Special Wire of Net VSS & Pin of Cell I0/U86  ( M1 )
Bounds : ( 1098.760, 1066.100 ) ( 1102.120, 1066.840 )


SHORT: ( Metal Short ) Special Wire of Net VDD & Pin of Cell I0/U86  ( M1 )
Bounds : ( 1098.760, 1061.240 ) ( 1102.120, 1061.980 )


SHORT: ( Metal Short ) Special Wire of Net VDD & Pin of Cell I0/U88  ( M1 )
Bounds : ( 1096.520, 1082.900 ) ( 1099.880, 1083.640 )


SHORT: ( Metal Short ) Special Wire of Net VSS & Pin of Cell I0/U88  ( M1 )
Bounds : ( 1096.520, 1078.040 ) ( 1099.880, 1078.780 )


SHORT: ( Metal Short ) Special Wire of Net VSS & Pin of Cell I0/byte_controller/U75  ( M1 )
Bounds : ( 1096.520, 1077.300 ) ( 1098.200, 1078.780 )


SHORT: ( Metal Short ) Special Wire of Net VDD & Pin of Cell I0/U89  ( M1 )
Bounds : ( 1096.520, 1071.700 ) ( 1098.200, 1073.180 )


SHORT: ( Metal Short ) Special Wire of Net VDD & Pin of Cell I0/U89  ( M1 )
Bounds : ( 1096.520, 1071.700 ) ( 1099.880, 1072.440 )


SHORT: ( Metal Short ) Special Wire of Net VSS & Pin of Cell I0/U89  ( M1 )
Bounds : ( 1096.520, 1066.840 ) ( 1099.880, 1067.580 )


SHORT: ( Metal Short ) Special Wire of Net VSS & Pin of Cell I0/byte_controller/U75  ( M1 )
Bounds : ( 1094.840, 1077.300 ) ( 1098.200, 1078.040 )


SHORT: ( Metal Short ) Special Wire of Net VDD & Pin of Cell I0/byte_controller/U44  ( M1 )
Bounds : ( 1094.840, 1060.500 ) ( 1095.960, 1061.240 )


SHORT: ( Metal Short ) Special Wire of Net VSS & Pin of Cell I0/byte_controller/U44  ( M1 )
Bounds : ( 1094.840, 1055.640 ) ( 1095.960, 1056.380 )


SHORT: ( Metal Short ) Special Wire of Net VSS & Pin of Cell I0/byte_controller/sr_reg[2]  ( M1 )
Bounds : ( 1078.600, 1055.640 ) ( 1090.360, 1056.380 )


SHORT: ( Metal Short ) Special Wire of Net VDD & Pin of Cell I0/byte_controller/sr_reg[2]  ( M1 )
Bounds : ( 1078.600, 1060.500 ) ( 1090.360, 1061.240 )


SHORT: ( Metal Short ) Special Wire of Net VDD & Pin of Cell I0/byte_controller/sr_reg[1]  ( M1 )
Bounds : ( 1079.160, 1072.440 ) ( 1090.920, 1073.180 )


SHORT: ( Metal Short ) Special Wire of Net VSS & Pin of Cell I0/byte_controller/sr_reg[1]  ( M1 )
Bounds : ( 1079.160, 1077.300 ) ( 1090.920, 1078.040 )


SHORT: ( Metal Short ) Special Wire of Net VDD & Pin of Cell I0/byte_controller/sr_reg[2]  ( M1 )
Bounds : ( 1082.520, 1060.500 ) ( 1085.320, 1061.980 )


SHORT: ( Metal Short ) Special Wire of Net VSS & Pin of Cell I0/byte_controller/U70  ( M1 )
Bounds : ( 1082.520, 1066.100 ) ( 1085.320, 1066.840 )


SHORT: ( Metal Short ) Special Wire of Net VSS & Pin of Cell I0/byte_controller/sr_reg[1]  ( M1 )
Bounds : ( 1085.320, 1077.300 ) ( 1088.120, 1078.780 )


SHORT: ( Metal Short ) Special Wire of Net VDD & Pin of Cell I0/byte_controller/U74  ( M1 )
Bounds : ( 1085.320, 1082.900 ) ( 1088.120, 1083.640 )


SHORT: ( Metal Short ) Special Wire of Net VSS & Pin of Cell I0/byte_controller/U73  ( M1 )
Bounds : ( 1088.680, 1054.900 ) ( 1092.040, 1055.640 )


SHORT: ( Metal Short ) Special Wire of Net VSS & Pin of Cell I0/byte_controller/U73  ( M1 )
Bounds : ( 1088.680, 1054.900 ) ( 1090.360, 1056.380 )


SHORT: ( Metal Short ) Special Wire of Net VSS & Pin of Cell I0/byte_controller/U48  ( M1 )
Bounds : ( 1088.680, 1066.840 ) ( 1089.800, 1067.580 )


SHORT: ( Metal Short ) Special Wire of Net VDD & Pin of Cell I0/byte_controller/U48  ( M1 )
Bounds : ( 1088.680, 1071.700 ) ( 1089.800, 1073.180 )


SHORT: ( Metal Short ) Special Wire of Net VDD & Pin of Cell I0/byte_controller/U71  ( M1 )
Bounds : ( 1090.360, 1061.240 ) ( 1093.720, 1061.980 )


SHORT: ( Metal Short ) Special Wire of Net VSS & Pin of Cell I0/byte_controller/U71  ( M1 )
Bounds : ( 1090.360, 1066.100 ) ( 1093.720, 1066.840 )


SHORT: ( Metal Short ) Special Wire of Net VDD & Pin of Cell I0/byte_controller/U75  ( M1 )
Bounds : ( 1094.840, 1072.440 ) ( 1098.200, 1073.180 )


SHORT: ( Metal Short ) Special Wire of Net VSS & Pin of Cell I0/tip_reg  ( M1 )
Bounds : ( 1102.680, 1055.640 ) ( 1114.440, 1056.380 )


SHORT: ( Metal Short ) Special Wire of Net VDD & Pin of Cell I0/tip_reg  ( M1 )
Bounds : ( 1102.680, 1060.500 ) ( 1114.440, 1061.240 )


SHORT: ( Metal Short ) Special Wire of Net VDD & Pin of Cell I0/txr_reg[0]  ( M1 )
Bounds : ( 1102.680, 1072.440 ) ( 1118.360, 1073.180 )


SHORT: ( Metal Short ) Special Wire of Net VSS & Pin of Cell I0/txr_reg[0]  ( M1 )
Bounds : ( 1102.680, 1077.300 ) ( 1118.360, 1078.040 )


SHORT: ( Metal Short ) Special Wire of Net VSS & Pin of Cell I0/txr_reg[0]  ( M1 )
Bounds : ( 1103.800, 1077.300 ) ( 1118.360, 1078.780 )


SHORT: ( Metal Short ) Special Wire of Net VSS & Pin of Cell I0/cr_reg[0]  ( M1 )
Bounds : ( 1103.800, 1078.040 ) ( 1119.480, 1078.780 )


SHORT: ( Metal Short ) Special Wire of Net VDD & Pin of Cell I0/cr_reg[0]  ( M1 )
Bounds : ( 1103.800, 1082.900 ) ( 1119.480, 1083.640 )


SHORT: ( Metal Short ) Special Wire of Net VSS & Pin of Cell I0/irq_flag_reg  ( M1 )
Bounds : ( 1105.480, 1066.840 ) ( 1117.240, 1067.580 )


SHORT: ( Metal Short ) Special Wire of Net VDD & Pin of Cell I0/irq_flag_reg  ( M1 )
Bounds : ( 1105.480, 1071.700 ) ( 1117.240, 1073.180 )


SHORT: ( Metal Short ) Special Wire of Net VSS & Pin of Cell I0/U63  ( M1 )
Bounds : ( 1115.560, 1032.500 ) ( 1118.360, 1033.240 )


SHORT: ( Metal Short ) Special Wire of Net VDD & Pin of Cell I0/U63  ( M1 )
Bounds : ( 1115.560, 1027.640 ) ( 1118.360, 1028.380 )


SHORT: ( Metal Short ) Special Wire of Net VDD & Pin of Cell I0/U93  ( M1 )
Bounds : ( 1112.760, 1038.100 ) ( 1115.560, 1038.840 )


SHORT: ( Metal Short ) Special Wire of Net VSS & Pin of Cell I0/U93  ( M1 )
Bounds : ( 1112.760, 1033.240 ) ( 1115.560, 1033.980 )


SHORT: ( Metal Short ) Special Wire of Net VDD & Pin of Cell I0/U76  ( M1 )
Bounds : ( 1111.640, 1026.900 ) ( 1115.000, 1027.640 )


SHORT: ( Metal Short ) Special Wire of Net VDD & Pin of Cell I0/U64  ( M1 )
Bounds : ( 1116.680, 1038.840 ) ( 1120.040, 1039.580 )


SHORT: ( Metal Short ) Special Wire of Net VSS & Pin of Cell I0/U64  ( M1 )
Bounds : ( 1116.680, 1043.700 ) ( 1120.040, 1045.180 )


SHORT: ( Metal Short ) Special Wire of Net VDD & Pin of Cell I0/txr_reg[5]  ( M1 )
Bounds : ( 1120.600, 1026.900 ) ( 1136.280, 1027.640 )


SHORT: ( Metal Short ) Special Wire of Net VSS & Pin of Cell I0/txr_reg[4]  ( M1 )
Bounds : ( 1120.600, 1033.240 ) ( 1136.280, 1033.980 )


SHORT: ( Metal Short ) Special Wire of Net VDD & Pin of Cell I0/txr_reg[4]  ( M1 )
Bounds : ( 1120.600, 1038.100 ) ( 1136.280, 1038.840 )


SHORT: ( Metal Short ) Special Wire of Net VDD & Pin of Cell I0/txr_reg[5]  ( M1 )
Bounds : ( 1129.000, 1026.900 ) ( 1130.120, 1028.380 )


SHORT: ( Metal Short ) Special Wire of Net VSS & Pin of Cell I0/cr_reg[4]  ( M1 )
Bounds : ( 1129.000, 1032.500 ) ( 1130.120, 1033.980 )


SHORT: ( Metal Short ) Special Wire of Net VDD & Pin of Cell I0/cr_reg[3]  ( M1 )
Bounds : ( 1129.000, 1049.300 ) ( 1134.600, 1050.780 )


SHORT: ( Metal Short ) Special Wire of Net VSS & Pin of Cell I0/U118  ( M1 )
Bounds : ( 1101.000, 1032.500 ) ( 1103.240, 1033.240 )


SHORT: ( Metal Short ) Special Wire of Net VDD & Pin of Cell I0/U78  ( M1 )
Bounds : ( 1101.000, 1026.900 ) ( 1103.240, 1028.380 )


SHORT: ( Metal Short ) Special Wire of Net VDD & Pin of Cell I0/U78  ( M1 )
Bounds : ( 1100.440, 1026.900 ) ( 1106.040, 1027.640 )


SHORT: ( Metal Short ) Special Wire of Net VDD & Pin of Cell I0/U80  ( M1 )
Bounds : ( 1099.320, 1049.300 ) ( 1104.920, 1050.040 )


SHORT: ( Metal Short ) Special Wire of Net VSS & Pin of Cell I0/U80  ( M1 )
Bounds : ( 1099.320, 1044.440 ) ( 1104.920, 1045.180 )


SHORT: ( Metal Short ) Special Wire of Net VDD & Pin of Cell I0/byte_controller/U67  ( M1 )
Bounds : ( 1096.520, 1038.100 ) ( 1099.880, 1038.840 )


SHORT: ( Metal Short ) Special Wire of Net VSS & Pin of Cell I0/byte_controller/U67  ( M1 )
Bounds : ( 1096.520, 1033.240 ) ( 1099.880, 1033.980 )


SHORT: ( Metal Short ) Special Wire of Net VSS & Pin of Cell I0/byte_controller/U46  ( M1 )
Bounds : ( 1093.160, 1032.500 ) ( 1094.280, 1033.240 )


SHORT: ( Metal Short ) Special Wire of Net VDD & Pin of Cell I0/byte_controller/U65  ( M1 )
Bounds : ( 1093.160, 1026.900 ) ( 1094.280, 1028.380 )


SHORT: ( Metal Short ) Special Wire of Net VSS & Pin of Cell I0/byte_controller/U68  ( M1 )
Bounds : ( 1085.320, 1044.440 ) ( 1088.120, 1045.180 )


SHORT: ( Metal Short ) Special Wire of Net VDD & Pin of Cell I0/byte_controller/U68  ( M1 )
Bounds : ( 1085.320, 1049.300 ) ( 1088.120, 1050.040 )


SHORT: ( Metal Short ) Special Wire of Net VDD & Pin of Cell I0/byte_controller/U64  ( M1 )
Bounds : ( 1085.880, 1026.900 ) ( 1088.680, 1027.640 )


SHORT: ( Metal Short ) Special Wire of Net VSS & Pin of Cell I0/byte_controller/U66  ( M1 )
Bounds : ( 1088.120, 1033.240 ) ( 1090.920, 1033.980 )


SHORT: ( Metal Short ) Special Wire of Net VDD & Pin of Cell I0/byte_controller/U66  ( M1 )
Bounds : ( 1088.120, 1038.100 ) ( 1090.920, 1038.840 )


SHORT: ( Metal Short ) Special Wire of Net VDD & Pin of Cell I0/byte_controller/U73  ( M1 )
Bounds : ( 1088.680, 1050.040 ) ( 1092.040, 1050.780 )


SHORT: ( Metal Short ) Special Wire of Net VDD & Pin of Cell I0/byte_controller/U45  ( M1 )
Bounds : ( 1091.480, 1038.840 ) ( 1092.600, 1039.580 )


SHORT: ( Metal Short ) Special Wire of Net VSS & Pin of Cell I0/byte_controller/U45  ( M1 )
Bounds : ( 1091.480, 1043.700 ) ( 1092.600, 1044.440 )


SHORT: ( Metal Short ) Special Wire of Net VSS & Pin of Cell I0/byte_controller/U45  ( M1 )
Bounds : ( 1092.040, 1043.700 ) ( 1092.600, 1045.180 )


SHORT: ( Metal Short ) Special Wire of Net VSS & Pin of Cell I0/byte_controller/U69  ( M1 )
Bounds : ( 1092.040, 1044.440 ) ( 1095.400, 1045.180 )


SHORT: ( Metal Short ) Special Wire of Net VDD & Pin of Cell I0/byte_controller/U69  ( M1 )
Bounds : ( 1092.040, 1049.300 ) ( 1095.400, 1050.040 )


SHORT: ( Metal Short ) Special Wire of Net VDD & Pin of Cell I0/byte_controller/U65  ( M1 )
Bounds : ( 1092.600, 1026.900 ) ( 1095.960, 1027.640 )


SHORT: ( Metal Short ) Special Wire of Net VSS & Pin of Cell I0/txr_reg[3]  ( M1 )
Bounds : ( 1107.160, 1044.440 ) ( 1122.840, 1045.180 )


SHORT: ( Metal Short ) Special Wire of Net VDD & Pin of Cell I0/txr_reg[3]  ( M1 )
Bounds : ( 1107.160, 1049.300 ) ( 1122.840, 1050.040 )


SHORT: ( Metal Short ) Special Wire of Net VDD & Pin of Cell I0/U91  ( M1 )
Bounds : ( 1107.720, 1027.640 ) ( 1111.080, 1028.380 )


SHORT: ( Metal Short ) Special Wire of Net VSS & Pin of Cell I0/U91  ( M1 )
Bounds : ( 1107.720, 1032.500 ) ( 1111.080, 1033.240 )


SHORT: ( Metal Short ) Special Wire of Net VSS & Pin of Cell I0/cr_reg[3]  ( M1 )
Bounds : ( 1123.400, 1044.440 ) ( 1139.080, 1045.180 )


SHORT: ( Metal Short ) Special Wire of Net VDD & Pin of Cell I0/cr_reg[3]  ( M1 )
Bounds : ( 1123.400, 1049.300 ) ( 1139.080, 1050.040 )


SHORT: ( Metal Short ) Special Wire of Net VSS & Pin of Cell I0/ctr_reg[0]  ( M1 )
Bounds : ( 1125.080, 1078.040 ) ( 1140.760, 1078.780 )


SHORT: ( Metal Short ) Special Wire of Net VDD & Pin of Cell I0/cr_reg[4]  ( M1 )
Bounds : ( 1136.280, 1027.640 ) ( 1151.960, 1028.380 )


SHORT: ( Metal Short ) Special Wire of Net VSS & Pin of Cell I0/cr_reg[4]  ( M1 )
Bounds : ( 1136.280, 1032.500 ) ( 1151.960, 1033.240 )


SHORT: ( Metal Short ) Special Wire of Net VDD & Pin of Cell I0/ctr_reg[6]  ( M1 )
Bounds : ( 1136.840, 1038.840 ) ( 1152.520, 1039.580 )


SHORT: ( Metal Short ) Special Wire of Net VSS & Pin of Cell I0/ctr_reg[6]  ( M1 )
Bounds : ( 1136.840, 1043.700 ) ( 1152.520, 1044.440 )


SHORT: ( Metal Short ) Special Wire of Net VSS & Pin of Cell I0/ctr_reg[6]  ( M1 )
Bounds : ( 1136.840, 1043.700 ) ( 1139.080, 1045.180 )


SHORT: ( Metal Short ) Special Wire of Net VSS & Pin of Cell I0/U96  ( M1 )
Bounds : ( 1137.960, 1066.840 ) ( 1139.080, 1067.580 )


SHORT: ( Metal Short ) Special Wire of Net VDD & Pin of Cell I0/U96  ( M1 )
Bounds : ( 1137.960, 1071.700 ) ( 1139.080, 1072.440 )


SHORT: ( Metal Short ) Special Wire of Net VDD & Pin of Cell I0/U117  ( M1 )
Bounds : ( 1092.600, 1083.640 ) ( 1094.840, 1084.380 )


SHORT: ( Metal Short ) Special Wire of Net VDD & Pin of Cell I0/txr_reg[2]  ( M1 )
Bounds : ( 1099.880, 1083.640 ) ( 1115.560, 1084.380 )


SHORT: ( Metal Short ) Special Wire of Net VDD & Pin of Cell I0/cr_reg[0]  ( M1 )
Bounds : ( 1103.800, 1082.900 ) ( 1115.560, 1084.380 )


SHORT: ( Metal Short ) Special Wire of Net VDD & Pin of Cell I0/ctr_reg[0]  ( M1 )
Bounds : ( 1125.080, 1082.900 ) ( 1140.760, 1084.380 )


SHORT: ( Metal Short ) Special Wire of Net VDD & Pin of Cell I0/prer_reg[8]  ( M1 )
Bounds : ( 1147.480, 1083.640 ) ( 1164.280, 1084.380 )


SHORT: ( Metal Short ) Special Wire of Net VDD & Pin of Cell I0/U94  ( M1 )
Bounds : ( 1155.880, 1082.900 ) ( 1159.240, 1084.380 )


SHORT: ( Metal Short ) Special Wire of Net VDD & Pin of Cell I0/U94  ( M1 )
Bounds : ( 1163.720, 1082.900 ) ( 1164.280, 1084.380 )


SHORT: ( Metal Short ) Special Wire of Net VDD & Pin of Cell I0/U109  ( M1 )
Bounds : ( 1169.320, 1083.640 ) ( 1170.440, 1084.380 )


SHORT: ( Metal Short ) Special Wire of Net VDD & Pin of Cell I0/prer_reg[12]  ( M1 )
Bounds : ( 1174.920, 1083.640 ) ( 1191.720, 1084.380 )


SHORT: ( Metal Short ) Special Wire of Net VDD & Pin of Cell I0/U102  ( M1 )
Bounds : ( 1181.640, 1082.900 ) ( 1183.880, 1084.380 )


SHORT: ( Metal Short ) Special Wire of Net VDD & Pin of Cell I0/byte_controller/bit_controller/U75  ( M1 )
Bounds : ( 1061.800, 1117.240 ) ( 1066.840, 1117.980 )


SHORT: ( Metal Short ) Special Wire of Net VDD & Pin of Cell I0/byte_controller/bit_controller/U77  ( M1 )
Bounds : ( 1050.600, 1138.900 ) ( 1055.640, 1140.380 )


SHORT: ( Metal Short ) Special Wire of Net VSS & Pin of Cell I0/byte_controller/bit_controller/U77  ( M1 )
Bounds : ( 1050.600, 1134.040 ) ( 1055.640, 1134.780 )


SHORT: ( Metal Short ) Special Wire of Net VDD & Pin of Cell I0/byte_controller/bit_controller/U76  ( M1 )
Bounds : ( 1050.040, 1127.700 ) ( 1055.080, 1128.440 )


SHORT: ( Metal Short ) Special Wire of Net VSS & Pin of Cell I0/byte_controller/bit_controller/fSCL_reg[1]  ( M1 )
Bounds : ( 1050.040, 1122.100 ) ( 1055.080, 1123.580 )


SHORT: ( Metal Short ) Special Wire of Net VDD & Pin of Cell I0/byte_controller/bit_controller/fSCL_reg[0]  ( M1 )
Bounds : ( 1048.920, 1139.640 ) ( 1062.360, 1140.380 )


SHORT: ( Metal Short ) Special Wire of Net VSS & Pin of Cell I0/byte_controller/bit_controller/fSCL_reg[1]  ( M1 )
Bounds : ( 1046.120, 1122.100 ) ( 1059.560, 1122.840 )


SHORT: ( Metal Short ) Special Wire of Net VDD & Pin of Cell I0/byte_controller/bit_controller/fSCL_reg[1]  ( M1 )
Bounds : ( 1046.120, 1117.240 ) ( 1059.560, 1117.980 )


SHORT: ( Metal Short ) Special Wire of Net VDD & Pin of Cell I0/byte_controller/bit_controller/U157  ( M1 )
Bounds : ( 1052.280, 1116.500 ) ( 1055.080, 1117.980 )


SHORT: ( Metal Short ) Special Wire of Net VSS & Pin of Cell I0/byte_controller/bit_controller/fSCL_reg[1]  ( M1 )
Bounds : ( 1057.320, 1122.100 ) ( 1059.560, 1123.580 )


SHORT: ( Metal Short ) Special Wire of Net VSS & Pin of Cell I0/byte_controller/bit_controller/fSCL_reg[2]  ( M1 )
Bounds : ( 1057.320, 1122.840 ) ( 1070.760, 1123.580 )


SHORT: ( Metal Short ) Special Wire of Net VDD & Pin of Cell I0/byte_controller/bit_controller/fSCL_reg[2]  ( M1 )
Bounds : ( 1057.320, 1127.700 ) ( 1070.760, 1128.440 )


SHORT: ( Metal Short ) Special Wire of Net VDD & Pin of Cell I0/byte_controller/bit_controller/U157  ( M1 )
Bounds : ( 1057.880, 1116.500 ) ( 1059.000, 1117.980 )


SHORT: ( Metal Short ) Special Wire of Net VSS & Pin of Cell I0/byte_controller/bit_controller/U81  ( M1 )
Bounds : ( 1059.000, 1134.040 ) ( 1064.040, 1134.780 )


SHORT: ( Metal Short ) Special Wire of Net VDD & Pin of Cell I0/byte_controller/bit_controller/U81  ( M1 )
Bounds : ( 1059.000, 1138.900 ) ( 1064.040, 1139.640 )


SHORT: ( Metal Short ) Special Wire of Net VDD & Pin of Cell I0/byte_controller/bit_controller/U77  ( M1 )
Bounds : ( 1059.000, 1138.900 ) ( 1062.360, 1140.380 )


SHORT: ( Metal Short ) Special Wire of Net VSS & Pin of Cell I0/byte_controller/bit_controller/fSCL_reg[1]  ( M1 )
Bounds : ( 1061.800, 1122.100 ) ( 1066.840, 1123.580 )


SHORT: ( Metal Short ) Special Wire of Net VDD & Pin of Cell I0/byte_controller/bit_controller/U141  ( M1 )
Bounds : ( 1062.360, 1116.500 ) ( 1065.720, 1117.980 )


SHORT: ( Metal Short ) Special Wire of Net VDD & Pin of Cell I0/byte_controller/bit_controller/fSCL_reg[2]  ( M1 )
Bounds : ( 1062.360, 1127.700 ) ( 1063.480, 1129.180 )


SHORT: ( Metal Short ) Special Wire of Net VSS & Pin of Cell I0/byte_controller/bit_controller/U63  ( M1 )
Bounds : ( 1062.360, 1133.300 ) ( 1063.480, 1134.780 )


SHORT: ( Metal Short ) Special Wire of Net VSS & Pin of Cell I0/byte_controller/bit_controller/U80  ( M1 )
Bounds : ( 1060.120, 1100.440 ) ( 1065.160, 1101.180 )


SHORT: ( Metal Short ) Special Wire of Net VSS & Pin of Cell I0/byte_controller/bit_controller/fSDA_reg[2]  ( M1 )
Bounds : ( 1052.280, 1110.900 ) ( 1055.080, 1112.380 )


SHORT: ( Metal Short ) Special Wire of Net VSS & Pin of Cell I0/byte_controller/bit_controller/fSDA_reg[1]  ( M1 )
Bounds : ( 1051.160, 1099.700 ) ( 1056.200, 1101.180 )


SHORT: ( Metal Short ) Special Wire of Net VSS & Pin of Cell I0/byte_controller/bit_controller/fSDA_reg[1]  ( M1 )
Bounds : ( 1047.240, 1099.700 ) ( 1060.680, 1100.440 )


SHORT: ( Metal Short ) Special Wire of Net VDD & Pin of Cell I0/byte_controller/bit_controller/fSDA_reg[1]  ( M1 )
Bounds : ( 1047.240, 1094.840 ) ( 1060.680, 1095.580 )


SHORT: ( Metal Short ) Special Wire of Net VSS & Pin of Cell I0/wb_dat_o_reg[3]  ( M1 )
Bounds : ( 1047.240, 1088.500 ) ( 1057.880, 1089.240 )


SHORT: ( Metal Short ) Special Wire of Net VSS & Pin of Cell I0/byte_controller/bit_controller/fSDA_reg[2]  ( M1 )
Bounds : ( 1046.680, 1110.900 ) ( 1060.120, 1111.640 )


SHORT: ( Metal Short ) Special Wire of Net VDD & Pin of Cell I0/byte_controller/bit_controller/fSDA_reg[2]  ( M1 )
Bounds : ( 1046.680, 1106.040 ) ( 1060.120, 1106.780 )


SHORT: ( Metal Short ) Special Wire of Net VDD & Pin of Cell I0/byte_controller/bit_controller/U79  ( M1 )
Bounds : ( 1051.160, 1105.300 ) ( 1056.200, 1106.780 )


SHORT: ( Metal Short ) Special Wire of Net VSS & Pin of Cell I0/wb_dat_o_reg[3]  ( M1 )
Bounds : ( 1054.520, 1088.500 ) ( 1057.880, 1089.980 )


SHORT: ( Metal Short ) Special Wire of Net VDD & Pin of Cell I0/byte_controller/bit_controller/U138  ( M1 )
Bounds : ( 1054.520, 1094.100 ) ( 1057.880, 1095.580 )


SHORT: ( Metal Short ) Special Wire of Net VSS & Pin of Cell I0/byte_controller/bit_controller/fSDA_reg[2]  ( M1 )
Bounds : ( 1057.880, 1110.900 ) ( 1059.000, 1112.380 )


SHORT: ( Metal Short ) Special Wire of Net VSS & Pin of Cell I0/byte_controller/bit_controller/fSDA_reg[1]  ( M1 )
Bounds : ( 1060.120, 1099.700 ) ( 1060.680, 1101.180 )


SHORT: ( Metal Short ) Special Wire of Net VDD & Pin of Cell I0/byte_controller/bit_controller/U80  ( M1 )
Bounds : ( 1060.120, 1105.300 ) ( 1065.160, 1106.040 )


SHORT: ( Metal Short ) Special Wire of Net VSS & Pin of Cell I0/byte_controller/bit_controller/U136  ( M1 )
Bounds : ( 1060.680, 1088.500 ) ( 1063.480, 1089.240 )


SHORT: ( Metal Short ) Special Wire of Net VSS & Pin of Cell I0/byte_controller/bit_controller/U141  ( M1 )
Bounds : ( 1062.360, 1111.640 ) ( 1065.720, 1112.380 )


SHORT: ( Metal Short ) Special Wire of Net VSS & Pin of Cell I0/byte_controller/bit_controller/U151  ( M1 )
Bounds : ( 1057.880, 1078.040 ) ( 1059.000, 1078.780 )


SHORT: ( Metal Short ) Special Wire of Net VDD & Pin of Cell I0/byte_controller/bit_controller/U151  ( M1 )
Bounds : ( 1057.880, 1082.900 ) ( 1059.000, 1083.640 )


SHORT: ( Metal Short ) Special Wire of Net VSS & Pin of Cell I0/byte_controller/sr_reg[0]  ( M1 )
Bounds : ( 1065.720, 1055.640 ) ( 1077.480, 1056.380 )


SHORT: ( Metal Short ) Special Wire of Net VDD & Pin of Cell I0/byte_controller/sr_reg[0]  ( M1 )
Bounds : ( 1065.720, 1060.500 ) ( 1077.480, 1061.240 )


SHORT: ( Metal Short ) Special Wire of Net VDD & Pin of Cell I0/byte_controller/sr_reg[3]  ( M1 )
Bounds : ( 1072.440, 1049.300 ) ( 1075.240, 1050.780 )


SHORT: ( Metal Short ) Special Wire of Net VSS & Pin of Cell I0/byte_controller/U72  ( M1 )
Bounds : ( 1072.440, 1054.900 ) ( 1075.240, 1056.380 )


SHORT: ( Metal Short ) Special Wire of Net VSS & Pin of Cell I0/byte_controller/U50  ( M1 )
Bounds : ( 1076.360, 1066.840 ) ( 1077.480, 1067.580 )


SHORT: ( Metal Short ) Special Wire of Net VDD & Pin of Cell I0/byte_controller/U50  ( M1 )
Bounds : ( 1076.360, 1071.700 ) ( 1077.480, 1072.440 )


SHORT: ( Metal Short ) Special Wire of Net VDD & Pin of Cell I0/wb_dat_o_reg[3]  ( M1 )
Bounds : ( 1047.240, 1083.640 ) ( 1057.880, 1084.380 )


SHORT: ( Metal Short ) Special Wire of Net VDD & Pin of Cell I0/byte_controller/bit_controller/U136  ( M1 )
Bounds : ( 1060.680, 1083.640 ) ( 1063.480, 1084.380 )


SHORT: ( Metal Short ) Special Wire of Net VDD & Pin of Cell I0/byte_controller/sr_reg[5]  ( M1 )
Bounds : ( 1072.440, 1026.900 ) ( 1084.200, 1027.640 )


SHORT: ( Metal Short ) Special Wire of Net VSS & Pin of Cell I0/byte_controller/sr_reg[4]  ( M1 )
Bounds : ( 1072.440, 1033.240 ) ( 1084.200, 1033.980 )


SHORT: ( Metal Short ) Special Wire of Net VDD & Pin of Cell I0/byte_controller/sr_reg[4]  ( M1 )
Bounds : ( 1072.440, 1038.100 ) ( 1084.200, 1038.840 )


SHORT: ( Metal Short ) Special Wire of Net VSS & Pin of Cell I0/byte_controller/sr_reg[3]  ( M1 )
Bounds : ( 1072.440, 1044.440 ) ( 1084.200, 1045.180 )


SHORT: ( Metal Short ) Special Wire of Net VDD & Pin of Cell I0/byte_controller/sr_reg[3]  ( M1 )
Bounds : ( 1072.440, 1049.300 ) ( 1084.200, 1050.040 )


SHORT: ( Metal Short ) Special Wire of Net VSS & Pin of Cell I0/byte_controller/U89  ( M1 )
Bounds : ( 1181.640, 999.640 ) ( 1186.680, 1000.380 )


SHORT: ( Metal Short ) Special Wire of Net VSS & Pin of Cell I0/byte_controller/dcnt_reg[1]  ( M1 )
Bounds : ( 1178.280, 1010.100 ) ( 1179.400, 1011.580 )


SHORT: ( Metal Short ) Special Wire of Net VSS & Pin of Cell I0/byte_controller/dcnt_reg[1]  ( M1 )
Bounds : ( 1178.280, 1010.100 ) ( 1190.040, 1010.840 )


SHORT: ( Metal Short ) Special Wire of Net VDD & Pin of Cell I0/byte_controller/dcnt_reg[1]  ( M1 )
Bounds : ( 1178.280, 1005.240 ) ( 1190.040, 1005.980 )


SHORT: ( Metal Short ) Special Wire of Net VSS & Pin of Cell I0/byte_controller/U31  ( M1 )
Bounds : ( 1176.600, 998.900 ) ( 1177.160, 1000.380 )


SHORT: ( Metal Short ) Special Wire of Net VSS & Pin of Cell I0/byte_controller/U31  ( M1 )
Bounds : ( 1176.600, 998.900 ) ( 1177.720, 999.640 )


SHORT: ( Metal Short ) Special Wire of Net VDD & Pin of Cell I0/byte_controller/U87  ( M1 )
Bounds : ( 1173.800, 1004.500 ) ( 1177.160, 1005.240 )


SHORT: ( Metal Short ) Special Wire of Net VSS & Pin of Cell I0/byte_controller/U87  ( M1 )
Bounds : ( 1173.800, 999.640 ) ( 1177.160, 1000.380 )


SHORT: ( Metal Short ) Special Wire of Net VSS & Pin of Cell I0/U104  ( M1 )
Bounds : ( 1171.560, 1022.040 ) ( 1173.800, 1022.780 )


SHORT: ( Metal Short ) Special Wire of Net VDD & Pin of Cell I0/byte_controller/U29  ( M1 )
Bounds : ( 1181.640, 1004.500 ) ( 1186.680, 1005.980 )


SHORT: ( Metal Short ) Special Wire of Net VSS & Pin of Cell I0/U103  ( M1 )
Bounds : ( 1181.640, 1022.040 ) ( 1183.880, 1022.780 )


SHORT: ( Metal Short ) Special Wire of Net VDD & Pin of Cell I0/byte_controller/U14  ( M1 )
Bounds : ( 1182.200, 994.040 ) ( 1184.440, 994.780 )


SHORT: ( Metal Short ) Special Wire of Net VSS & Pin of Cell I0/byte_controller/U14  ( M1 )
Bounds : ( 1182.200, 998.900 ) ( 1184.440, 1000.380 )


SHORT: ( Metal Short ) Special Wire of Net VSS & Pin of Cell I0/byte_controller/U29  ( M1 )
Bounds : ( 1190.040, 999.640 ) ( 1191.160, 1000.380 )


SHORT: ( Metal Short ) Special Wire of Net VDD & Pin of Cell I0/byte_controller/U29  ( M1 )
Bounds : ( 1190.040, 1004.500 ) ( 1191.160, 1005.240 )


SHORT: ( Metal Short ) Special Wire of Net VDD & Pin of Cell I0/byte_controller/U86  ( M1 )
Bounds : ( 1165.400, 1004.500 ) ( 1165.960, 1005.980 )


SHORT: ( Metal Short ) Special Wire of Net VSS & Pin of Cell I0/byte_controller/bit_controller/slave_wait_reg  ( M1 )
Bounds : ( 1164.280, 1021.300 ) ( 1165.400, 1022.780 )


SHORT: ( Metal Short ) Special Wire of Net VSS & Pin of Cell I0/byte_controller/bit_controller/U105  ( M1 )
Bounds : ( 1162.600, 1010.100 ) ( 1165.960, 1010.840 )


SHORT: ( Metal Short ) Special Wire of Net VDD & Pin of Cell I0/byte_controller/bit_controller/U105  ( M1 )
Bounds : ( 1162.600, 1005.240 ) ( 1165.960, 1005.980 )


SHORT: ( Metal Short ) Special Wire of Net VSS & Pin of Cell I0/byte_controller/U91  ( M1 )
Bounds : ( 1160.360, 998.900 ) ( 1164.280, 999.640 )


SHORT: ( Metal Short ) Special Wire of Net VDD & Pin of Cell I0/byte_controller/U91  ( M1 )
Bounds : ( 1160.360, 994.040 ) ( 1164.280, 994.780 )


SHORT: ( Metal Short ) Special Wire of Net VDD & Pin of Cell I0/byte_controller/U13  ( M1 )
Bounds : ( 1158.120, 1004.500 ) ( 1159.240, 1005.240 )


SHORT: ( Metal Short ) Special Wire of Net VSS & Pin of Cell I0/byte_controller/U13  ( M1 )
Bounds : ( 1158.120, 999.640 ) ( 1159.240, 1000.380 )


SHORT: ( Metal Short ) Special Wire of Net VSS & Pin of Cell I0/U111  ( M1 )
Bounds : ( 1157.000, 1022.040 ) ( 1158.120, 1022.780 )


SHORT: ( Metal Short ) Special Wire of Net VSS & Pin of Cell I0/U113  ( M1 )
Bounds : ( 1144.680, 999.640 ) ( 1145.800, 1000.380 )


SHORT: ( Metal Short ) Special Wire of Net VDD & Pin of Cell I0/txr_reg[7]  ( M1 )
Bounds : ( 1144.680, 1004.500 ) ( 1145.800, 1005.980 )


SHORT: ( Metal Short ) Special Wire of Net VSS & Pin of Cell I0/cr_reg[5]  ( M1 )
Bounds : ( 1150.280, 1021.300 ) ( 1151.400, 1022.780 )


SHORT: ( Metal Short ) Special Wire of Net VDD & Pin of Cell I0/byte_controller/bit_controller/U99  ( M1 )
Bounds : ( 1153.080, 1005.240 ) ( 1157.560, 1005.980 )


SHORT: ( Metal Short ) Special Wire of Net VSS & Pin of Cell I0/byte_controller/bit_controller/U99  ( M1 )
Bounds : ( 1153.080, 1010.100 ) ( 1157.560, 1010.840 )


SHORT: ( Metal Short ) Special Wire of Net VDD & Pin of Cell I0/byte_controller/bit_controller/slave_wait_reg  ( M1 )
Bounds : ( 1158.680, 1016.440 ) ( 1170.440, 1017.180 )


SHORT: ( Metal Short ) Special Wire of Net VSS & Pin of Cell I0/byte_controller/bit_controller/slave_wait_reg  ( M1 )
Bounds : ( 1158.680, 1021.300 ) ( 1170.440, 1022.040 )


SHORT: ( Metal Short ) Special Wire of Net VSS & Pin of Cell I0/byte_controller/U86  ( M1 )
Bounds : ( 1165.400, 999.640 ) ( 1168.760, 1000.380 )


SHORT: ( Metal Short ) Special Wire of Net VDD & Pin of Cell I0/byte_controller/U86  ( M1 )
Bounds : ( 1165.400, 1004.500 ) ( 1168.760, 1005.240 )


SHORT: ( Metal Short ) Special Wire of Net VSS & Pin of Cell I0/byte_controller/dcnt_reg[2]  ( M1 )
Bounds : ( 1167.640, 1010.840 ) ( 1179.400, 1011.580 )


SHORT: ( Metal Short ) Special Wire of Net VDD & Pin of Cell I0/byte_controller/dcnt_reg[2]  ( M1 )
Bounds : ( 1167.640, 1015.700 ) ( 1179.400, 1016.440 )


SHORT: ( Metal Short ) Special Wire of Net VDD & Pin of Cell I0/byte_controller/dcnt_reg[2]  ( M1 )
Bounds : ( 1167.640, 1015.700 ) ( 1170.440, 1017.180 )


SHORT: ( Metal Short ) Special Wire of Net VSS & Pin of Cell I0/byte_controller/U11  ( M1 )
Bounds : ( 1170.440, 988.440 ) ( 1172.680, 989.180 )


SHORT: ( Metal Short ) Special Wire of Net VDD & Pin of Cell I0/byte_controller/U10  ( M1 )
Bounds : ( 1172.120, 971.640 ) ( 1173.240, 972.380 )


SHORT: ( Metal Short ) Special Wire of Net VSS & Pin of Cell I0/byte_controller/U10  ( M1 )
Bounds : ( 1172.120, 976.500 ) ( 1173.240, 977.240 )


SHORT: ( Metal Short ) Special Wire of Net VSS & Pin of Cell I0/byte_controller/U30  ( M1 )
Bounds : ( 1173.240, 977.240 ) ( 1176.040, 977.980 )


SHORT: ( Metal Short ) Special Wire of Net VDD & Pin of Cell I0/byte_controller/U30  ( M1 )
Bounds : ( 1173.240, 982.100 ) ( 1176.040, 982.840 )


SHORT: ( Metal Short ) Special Wire of Net VSS & Pin of Cell I0/byte_controller/U90  ( M1 )
Bounds : ( 1176.600, 988.440 ) ( 1179.400, 989.180 )


SHORT: ( Metal Short ) Special Wire of Net VSS & Pin of Cell I0/byte_controller/dcnt_reg[0]  ( M1 )
Bounds : ( 1179.400, 977.240 ) ( 1191.160, 977.980 )


SHORT: ( Metal Short ) Special Wire of Net VDD & Pin of Cell I0/byte_controller/dcnt_reg[0]  ( M1 )
Bounds : ( 1179.400, 982.100 ) ( 1191.160, 982.840 )


SHORT: ( Metal Short ) Special Wire of Net VDD & Pin of Cell I0/byte_controller/dcnt_reg[0]  ( M1 )
Bounds : ( 1180.520, 982.100 ) ( 1181.640, 983.580 )


SHORT: ( Metal Short ) Special Wire of Net VSS & Pin of Cell I0/byte_controller/U35  ( M1 )
Bounds : ( 1180.520, 987.700 ) ( 1181.640, 988.440 )


SHORT: ( Metal Short ) Special Wire of Net VSS & Pin of Cell I0/byte_controller/U88  ( M1 )
Bounds : ( 1183.320, 988.440 ) ( 1186.680, 989.180 )


SHORT: ( Metal Short ) Special Wire of Net VSS & Pin of Cell I0/byte_controller/U82  ( M1 )
Bounds : ( 1152.520, 987.700 ) ( 1155.880, 988.440 )


SHORT: ( Metal Short ) Special Wire of Net VDD & Pin of Cell I0/byte_controller/U82  ( M1 )
Bounds : ( 1152.520, 982.840 ) ( 1155.880, 983.580 )


SHORT: ( Metal Short ) Special Wire of Net VSS & Pin of Cell I0/byte_controller/U19  ( M1 )
Bounds : ( 1149.720, 988.440 ) ( 1150.840, 989.180 )


SHORT: ( Metal Short ) Special Wire of Net VSS & Pin of Cell I0/byte_controller/U84  ( M1 )
Bounds : ( 1143.560, 987.700 ) ( 1145.800, 989.180 )


SHORT: ( Metal Short ) Special Wire of Net VSS & Pin of Cell I0/byte_controller/U84  ( M1 )
Bounds : ( 1143.560, 987.700 ) ( 1146.920, 988.440 )


SHORT: ( Metal Short ) Special Wire of Net VDD & Pin of Cell I0/byte_controller/U84  ( M1 )
Bounds : ( 1143.560, 982.840 ) ( 1146.920, 983.580 )


SHORT: ( Metal Short ) Special Wire of Net VSS & Pin of Cell I0/byte_controller/U18  ( M1 )
Bounds : ( 1143.000, 988.440 ) ( 1145.800, 989.180 )


SHORT: ( Metal Short ) Special Wire of Net VDD & Pin of Cell I0/byte_controller/ld_reg  ( M1 )
Bounds : ( 1155.320, 982.100 ) ( 1167.080, 982.840 )


SHORT: ( Metal Short ) Special Wire of Net VDD & Pin of Cell I0/byte_controller/ld_reg  ( M1 )
Bounds : ( 1155.320, 982.100 ) ( 1155.880, 983.580 )


SHORT: ( Metal Short ) Special Wire of Net VSS & Pin of Cell I0/byte_controller/U40  ( M1 )
Bounds : ( 1161.480, 988.440 ) ( 1163.720, 989.180 )


SHORT: ( Metal Short ) Special Wire of Net VSS & Pin of Cell I0/byte_controller/shift_reg  ( M1 )
Bounds : ( 1156.440, 976.500 ) ( 1167.080, 977.980 )


SHORT: ( Metal Short ) Special Wire of Net VSS & Pin of Cell I0/byte_controller/c_state_reg[1]  ( M1 )
Bounds : ( 1154.760, 965.300 ) ( 1156.440, 966.780 )


SHORT: ( Metal Short ) Special Wire of Net VSS & Pin of Cell I0/byte_controller/U83  ( M1 )
Bounds : ( 1153.640, 965.300 ) ( 1156.440, 966.040 )


SHORT: ( Metal Short ) Special Wire of Net VSS & Pin of Cell I0/byte_controller/U42  ( M1 )
Bounds : ( 1150.280, 965.300 ) ( 1151.400, 966.040 )


SHORT: ( Metal Short ) Special Wire of Net VSS & Pin of Cell I0/byte_controller/U97  ( M1 )
Bounds : ( 1148.040, 976.500 ) ( 1150.840, 977.240 )


SHORT: ( Metal Short ) Special Wire of Net VDD & Pin of Cell I0/byte_controller/U97  ( M1 )
Bounds : ( 1148.040, 971.640 ) ( 1150.840, 972.380 )


SHORT: ( Metal Short ) Special Wire of Net VDD & Pin of Cell I0/byte_controller/U17  ( M1 )
Bounds : ( 1148.040, 970.900 ) ( 1149.160, 972.380 )


SHORT: ( Metal Short ) Special Wire of Net VDD & Pin of Cell I0/byte_controller/U17  ( M1 )
Bounds : ( 1146.920, 970.900 ) ( 1149.160, 971.640 )


SHORT: ( Metal Short ) Special Wire of Net VSS & Pin of Cell I0/byte_controller/U17  ( M1 )
Bounds : ( 1146.920, 966.040 ) ( 1149.160, 966.780 )


SHORT: ( Metal Short ) Special Wire of Net VSS & Pin of Cell I0/byte_controller/U85  ( M1 )
Bounds : ( 1146.920, 965.300 ) ( 1147.480, 966.780 )


SHORT: ( Metal Short ) Special Wire of Net VSS & Pin of Cell I0/byte_controller/U85  ( M1 )
Bounds : ( 1144.680, 965.300 ) ( 1147.480, 966.040 )


SHORT: ( Metal Short ) Special Wire of Net VSS & Pin of Cell I0/byte_controller/U26  ( M1 )
Bounds : ( 1140.760, 976.500 ) ( 1143.560, 977.240 )


SHORT: ( Metal Short ) Special Wire of Net VDD & Pin of Cell I0/byte_controller/U26  ( M1 )
Bounds : ( 1140.760, 971.640 ) ( 1143.560, 972.380 )


SHORT: ( Metal Short ) Special Wire of Net VDD & Pin of Cell I0/byte_controller/U27  ( M1 )
Bounds : ( 1140.760, 970.900 ) ( 1143.000, 972.380 )


SHORT: ( Metal Short ) Special Wire of Net VDD & Pin of Cell I0/byte_controller/U27  ( M1 )
Bounds : ( 1139.640, 970.900 ) ( 1143.000, 971.640 )


SHORT: ( Metal Short ) Special Wire of Net VSS & Pin of Cell I0/byte_controller/U27  ( M1 )
Bounds : ( 1139.640, 966.040 ) ( 1143.000, 966.780 )


SHORT: ( Metal Short ) Special Wire of Net VSS & Pin of Cell I0/byte_controller/U39  ( M1 )
Bounds : ( 1139.640, 965.300 ) ( 1142.440, 966.780 )


SHORT: ( Metal Short ) Special Wire of Net VSS & Pin of Cell I0/byte_controller/U99  ( M1 )
Bounds : ( 1154.760, 966.040 ) ( 1158.120, 966.780 )


SHORT: ( Metal Short ) Special Wire of Net VDD & Pin of Cell I0/byte_controller/U99  ( M1 )
Bounds : ( 1154.760, 970.900 ) ( 1158.120, 971.640 )


SHORT: ( Metal Short ) Special Wire of Net VSS & Pin of Cell I0/byte_controller/ld_reg  ( M1 )
Bounds : ( 1155.320, 977.240 ) ( 1167.080, 977.980 )


SHORT: ( Metal Short ) Special Wire of Net VDD & Pin of Cell I0/byte_controller/U99  ( M1 )
Bounds : ( 1156.440, 970.900 ) ( 1158.120, 972.380 )


SHORT: ( Metal Short ) Special Wire of Net VDD & Pin of Cell I0/byte_controller/shift_reg  ( M1 )
Bounds : ( 1156.440, 971.640 ) ( 1168.200, 972.380 )


SHORT: ( Metal Short ) Special Wire of Net VSS & Pin of Cell I0/byte_controller/shift_reg  ( M1 )
Bounds : ( 1156.440, 976.500 ) ( 1168.200, 977.240 )


SHORT: ( Metal Short ) Special Wire of Net VSS & Pin of Cell I0/byte_controller/c_state_reg[1]  ( M1 )
Bounds : ( 1158.120, 965.300 ) ( 1169.880, 966.040 )


SHORT: ( Metal Short ) Special Wire of Net VDD & Pin of Cell I0/byte_controller/U18  ( M1 )
Bounds : ( 1143.000, 993.300 ) ( 1145.800, 994.040 )


SHORT: ( Metal Short ) Special Wire of Net VDD & Pin of Cell I0/byte_controller/U19  ( M1 )
Bounds : ( 1149.720, 993.300 ) ( 1150.840, 994.040 )


SHORT: ( Metal Short ) Special Wire of Net VDD & Pin of Cell I0/byte_controller/U40  ( M1 )
Bounds : ( 1161.480, 993.300 ) ( 1163.720, 994.780 )


SHORT: ( Metal Short ) Special Wire of Net VDD & Pin of Cell I0/byte_controller/U11  ( M1 )
Bounds : ( 1170.440, 993.300 ) ( 1172.680, 994.040 )


SHORT: ( Metal Short ) Special Wire of Net VDD & Pin of Cell I0/byte_controller/U90  ( M1 )
Bounds : ( 1176.600, 993.300 ) ( 1179.400, 994.040 )


SHORT: ( Metal Short ) Special Wire of Net VDD & Pin of Cell I0/byte_controller/U90  ( M1 )
Bounds : ( 1176.600, 993.300 ) ( 1177.720, 994.780 )


SHORT: ( Metal Short ) Special Wire of Net VDD & Pin of Cell I0/byte_controller/U88  ( M1 )
Bounds : ( 1183.320, 993.300 ) ( 1186.680, 994.040 )


SHORT: ( Metal Short ) Special Wire of Net VDD & Pin of Cell I0/byte_controller/U88  ( M1 )
Bounds : ( 1183.320, 993.300 ) ( 1184.440, 994.780 )


SHORT: ( Metal Short ) Special Wire of Net VSS & Pin of Cell I0/U73  ( M1 )
Bounds : ( 1109.960, 1010.840 ) ( 1113.320, 1011.580 )


SHORT: ( Metal Short ) Special Wire of Net VDD & Pin of Cell I0/U73  ( M1 )
Bounds : ( 1109.960, 1015.700 ) ( 1113.320, 1016.440 )


SHORT: ( Metal Short ) Special Wire of Net VSS & Pin of Cell I0/U76  ( M1 )
Bounds : ( 1111.640, 1022.040 ) ( 1115.000, 1022.780 )


SHORT: ( Metal Short ) Special Wire of Net VDD & Pin of Cell I0/U10  ( M1 )
Bounds : ( 1112.760, 994.040 ) ( 1115.560, 994.780 )


SHORT: ( Metal Short ) Special Wire of Net VSS & Pin of Cell I0/U10  ( M1 )
Bounds : ( 1112.760, 998.900 ) ( 1115.560, 999.640 )


SHORT: ( Metal Short ) Special Wire of Net VDD & Pin of Cell I0/byte_controller/U16  ( M1 )
Bounds : ( 1113.880, 1005.240 ) ( 1115.000, 1005.980 )


SHORT: ( Metal Short ) Special Wire of Net VSS & Pin of Cell I0/byte_controller/U16  ( M1 )
Bounds : ( 1113.880, 1010.100 ) ( 1115.000, 1010.840 )


SHORT: ( Metal Short ) Special Wire of Net VSS & Pin of Cell I0/byte_controller/U12  ( M1 )
Bounds : ( 1115.560, 999.640 ) ( 1118.360, 1000.380 )


SHORT: ( Metal Short ) Special Wire of Net VDD & Pin of Cell I0/byte_controller/U12  ( M1 )
Bounds : ( 1115.560, 1004.500 ) ( 1118.360, 1005.240 )


SHORT: ( Metal Short ) Special Wire of Net VDD & Pin of Cell I0/U127  ( M1 )
Bounds : ( 1118.360, 994.040 ) ( 1121.720, 994.780 )


SHORT: ( Metal Short ) Special Wire of Net VSS & Pin of Cell I0/U127  ( M1 )
Bounds : ( 1118.360, 998.900 ) ( 1121.720, 999.640 )


SHORT: ( Metal Short ) Special Wire of Net VDD & Pin of Cell I0/U133  ( M1 )
Bounds : ( 1118.360, 1016.440 ) ( 1120.600, 1017.180 )


SHORT: ( Metal Short ) Special Wire of Net VSS & Pin of Cell I0/U133  ( M1 )
Bounds : ( 1118.360, 1021.300 ) ( 1120.600, 1022.040 )


SHORT: ( Metal Short ) Special Wire of Net VSS & Pin of Cell I0/txr_reg[6]  ( M1 )
Bounds : ( 1119.480, 1010.840 ) ( 1135.160, 1011.580 )


SHORT: ( Metal Short ) Special Wire of Net VDD & Pin of Cell I0/txr_reg[6]  ( M1 )
Bounds : ( 1119.480, 1015.700 ) ( 1135.160, 1016.440 )


SHORT: ( Metal Short ) Special Wire of Net VDD & Pin of Cell I0/txr_reg[6]  ( M1 )
Bounds : ( 1119.480, 1015.700 ) ( 1120.600, 1017.180 )


SHORT: ( Metal Short ) Special Wire of Net VSS & Pin of Cell I0/txr_reg[5]  ( M1 )
Bounds : ( 1120.600, 1022.040 ) ( 1136.280, 1022.780 )


SHORT: ( Metal Short ) Special Wire of Net VSS & Pin of Cell I0/cr_reg[7]  ( M1 )
Bounds : ( 1133.480, 1010.100 ) ( 1135.160, 1011.580 )


SHORT: ( Metal Short ) Special Wire of Net VSS & Pin of Cell I0/U78  ( M1 )
Bounds : ( 1100.440, 1022.040 ) ( 1106.040, 1022.780 )


SHORT: ( Metal Short ) Special Wire of Net VSS & Pin of Cell I0/U121  ( M1 )
Bounds : ( 1100.440, 1021.300 ) ( 1103.240, 1022.780 )


SHORT: ( Metal Short ) Special Wire of Net VDD & Pin of Cell I0/U121  ( M1 )
Bounds : ( 1100.440, 1016.440 ) ( 1103.240, 1017.180 )


SHORT: ( Metal Short ) Special Wire of Net VDD & Pin of Cell I0/U77  ( M1 )
Bounds : ( 1100.440, 1015.700 ) ( 1102.680, 1017.180 )


SHORT: ( Metal Short ) Special Wire of Net VDD & Pin of Cell I0/U77  ( M1 )
Bounds : ( 1099.320, 1015.700 ) ( 1102.680, 1016.440 )


SHORT: ( Metal Short ) Special Wire of Net VSS & Pin of Cell I0/U77  ( M1 )
Bounds : ( 1099.320, 1010.840 ) ( 1102.680, 1011.580 )


SHORT: ( Metal Short ) Special Wire of Net VSS & Pin of Cell I0/U74  ( M1 )
Bounds : ( 1099.320, 1010.100 ) ( 1099.880, 1011.580 )


SHORT: ( Metal Short ) Special Wire of Net VSS & Pin of Cell I0/U71  ( M1 )
Bounds : ( 1098.200, 998.900 ) ( 1101.560, 999.640 )


SHORT: ( Metal Short ) Special Wire of Net VDD & Pin of Cell I0/U71  ( M1 )
Bounds : ( 1098.200, 994.040 ) ( 1101.560, 994.780 )


SHORT: ( Metal Short ) Special Wire of Net VSS & Pin of Cell I0/U74  ( M1 )
Bounds : ( 1096.520, 1010.100 ) ( 1099.880, 1010.840 )


SHORT: ( Metal Short ) Special Wire of Net VDD & Pin of Cell I0/U74  ( M1 )
Bounds : ( 1096.520, 1005.240 ) ( 1099.880, 1005.980 )


SHORT: ( Metal Short ) Special Wire of Net VSS & Pin of Cell I0/byte_controller/U65  ( M1 )
Bounds : ( 1092.600, 1022.040 ) ( 1095.960, 1022.780 )


SHORT: ( Metal Short ) Special Wire of Net VSS & Pin of Cell I0/byte_controller/U47  ( M1 )
Bounds : ( 1092.040, 998.900 ) ( 1093.160, 1000.380 )


SHORT: ( Metal Short ) Special Wire of Net VDD & Pin of Cell I0/byte_controller/U61  ( M1 )
Bounds : ( 1090.920, 1004.500 ) ( 1091.480, 1005.980 )


SHORT: ( Metal Short ) Special Wire of Net VDD & Pin of Cell I0/byte_controller/U61  ( M1 )
Bounds : ( 1090.920, 1004.500 ) ( 1094.280, 1005.240 )


SHORT: ( Metal Short ) Special Wire of Net VSS & Pin of Cell I0/byte_controller/U61  ( M1 )
Bounds : ( 1090.920, 999.640 ) ( 1094.280, 1000.380 )


SHORT: ( Metal Short ) Special Wire of Net VSS & Pin of Cell I0/byte_controller/U51  ( M1 )
Bounds : ( 1090.360, 1010.100 ) ( 1091.480, 1011.580 )


SHORT: ( Metal Short ) Special Wire of Net VDD & Pin of Cell I0/byte_controller/U51  ( M1 )
Bounds : ( 1090.360, 1005.240 ) ( 1091.480, 1005.980 )


SHORT: ( Metal Short ) Special Wire of Net VDD & Pin of Cell I0/byte_controller/U63  ( M1 )
Bounds : ( 1089.240, 1015.700 ) ( 1089.800, 1017.180 )


SHORT: ( Metal Short ) Special Wire of Net VDD & Pin of Cell I0/byte_controller/U63  ( M1 )
Bounds : ( 1089.240, 1015.700 ) ( 1092.600, 1016.440 )


SHORT: ( Metal Short ) Special Wire of Net VSS & Pin of Cell I0/byte_controller/U63  ( M1 )
Bounds : ( 1089.240, 1010.840 ) ( 1092.600, 1011.580 )


SHORT: ( Metal Short ) Special Wire of Net VSS & Pin of Cell I0/byte_controller/U49  ( M1 )
Bounds : ( 1088.680, 1021.300 ) ( 1089.800, 1022.040 )


SHORT: ( Metal Short ) Special Wire of Net VDD & Pin of Cell I0/byte_controller/U49  ( M1 )
Bounds : ( 1088.680, 1016.440 ) ( 1089.800, 1017.180 )


SHORT: ( Metal Short ) Special Wire of Net VSS & Pin of Cell I0/byte_controller/U64  ( M1 )
Bounds : ( 1085.880, 1022.040 ) ( 1088.680, 1022.780 )


SHORT: ( Metal Short ) Special Wire of Net VSS & Pin of Cell I0/byte_controller/U60  ( M1 )
Bounds : ( 1085.320, 998.900 ) ( 1088.120, 999.640 )


SHORT: ( Metal Short ) Special Wire of Net VDD & Pin of Cell I0/U125  ( M1 )
Bounds : ( 1105.480, 1005.240 ) ( 1108.280, 1005.980 )


SHORT: ( Metal Short ) Special Wire of Net VSS & Pin of Cell I0/U125  ( M1 )
Bounds : ( 1105.480, 1010.100 ) ( 1108.280, 1010.840 )


SHORT: ( Metal Short ) Special Wire of Net VDD & Pin of Cell I0/U123  ( M1 )
Bounds : ( 1106.040, 994.040 ) ( 1108.840, 994.780 )


SHORT: ( Metal Short ) Special Wire of Net VSS & Pin of Cell I0/U123  ( M1 )
Bounds : ( 1106.040, 998.900 ) ( 1108.840, 999.640 )


SHORT: ( Metal Short ) Special Wire of Net VSS & Pin of Cell I0/U123  ( M1 )
Bounds : ( 1106.600, 998.900 ) ( 1108.840, 1000.380 )


SHORT: ( Metal Short ) Special Wire of Net VSS & Pin of Cell I0/U70  ( M1 )
Bounds : ( 1106.600, 999.640 ) ( 1109.960, 1000.380 )


SHORT: ( Metal Short ) Special Wire of Net VDD & Pin of Cell I0/U70  ( M1 )
Bounds : ( 1106.600, 1004.500 ) ( 1109.960, 1005.240 )


SHORT: ( Metal Short ) Special Wire of Net VDD & Pin of Cell I0/U70  ( M1 )
Bounds : ( 1106.600, 1004.500 ) ( 1108.280, 1005.980 )


SHORT: ( Metal Short ) Special Wire of Net VDD & Pin of Cell I0/byte_controller/U32  ( M1 )
Bounds : ( 1135.720, 982.840 ) ( 1137.960, 983.580 )


SHORT: ( Metal Short ) Special Wire of Net VSS & Pin of Cell I0/byte_controller/U98  ( M1 )
Bounds : ( 1126.200, 988.440 ) ( 1130.120, 989.180 )


SHORT: ( Metal Short ) Special Wire of Net VDD & Pin of Cell I0/byte_controller/cmd_ack_reg  ( M1 )
Bounds : ( 1121.720, 982.100 ) ( 1133.480, 982.840 )


SHORT: ( Metal Short ) Special Wire of Net VDD & Pin of Cell I0/U142  ( M1 )
Bounds : ( 1109.400, 982.840 ) ( 1110.520, 983.580 )


SHORT: ( Metal Short ) Special Wire of Net VSS & Pin of Cell I0/U142  ( M1 )
Bounds : ( 1109.400, 987.700 ) ( 1110.520, 988.440 )


SHORT: ( Metal Short ) Special Wire of Net VDD & Pin of Cell I0/U143  ( M1 )
Bounds : ( 1114.440, 982.100 ) ( 1115.560, 982.840 )


SHORT: ( Metal Short ) Special Wire of Net VDD & Pin of Cell I0/U129  ( M1 )
Bounds : ( 1116.120, 982.840 ) ( 1118.360, 983.580 )


SHORT: ( Metal Short ) Special Wire of Net VSS & Pin of Cell I0/U129  ( M1 )
Bounds : ( 1116.120, 987.700 ) ( 1118.360, 988.440 )


SHORT: ( Metal Short ) Special Wire of Net VSS & Pin of Cell I0/byte_controller/U32  ( M1 )
Bounds : ( 1135.720, 987.700 ) ( 1137.960, 989.180 )


SHORT: ( Metal Short ) Special Wire of Net VSS & Pin of Cell I0/byte_controller/U7  ( M1 )
Bounds : ( 1135.160, 976.500 ) ( 1136.280, 977.240 )


SHORT: ( Metal Short ) Special Wire of Net VDD & Pin of Cell I0/byte_controller/U7  ( M1 )
Bounds : ( 1135.160, 971.640 ) ( 1136.280, 972.380 )


SHORT: ( Metal Short ) Special Wire of Net VDD & Pin of Cell I0/byte_controller/U15  ( M1 )
Bounds : ( 1135.160, 970.900 ) ( 1135.720, 972.380 )


SHORT: ( Metal Short ) Special Wire of Net VDD & Pin of Cell I0/byte_controller/U15  ( M1 )
Bounds : ( 1132.920, 970.900 ) ( 1135.720, 971.640 )


SHORT: ( Metal Short ) Special Wire of Net VSS & Pin of Cell I0/byte_controller/U15  ( M1 )
Bounds : ( 1132.920, 966.040 ) ( 1135.720, 966.780 )


SHORT: ( Metal Short ) Special Wire of Net VSS & Pin of Cell I0/byte_controller/U95  ( M1 )
Bounds : ( 1132.920, 965.300 ) ( 1134.600, 966.780 )


SHORT: ( Metal Short ) Special Wire of Net VSS & Pin of Cell I0/byte_controller/U95  ( M1 )
Bounds : ( 1130.120, 965.300 ) ( 1134.600, 966.040 )


SHORT: ( Metal Short ) Special Wire of Net VSS & Pin of Cell I0/byte_controller/U93  ( M1 )
Bounds : ( 1127.880, 976.500 ) ( 1130.680, 977.980 )


SHORT: ( Metal Short ) Special Wire of Net VDD & Pin of Cell I0/byte_controller/U93  ( M1 )
Bounds : ( 1127.880, 971.640 ) ( 1130.680, 972.380 )


SHORT: ( Metal Short ) Special Wire of Net VDD & Pin of Cell I0/byte_controller/U96  ( M1 )
Bounds : ( 1127.880, 970.900 ) ( 1129.000, 972.380 )


SHORT: ( Metal Short ) Special Wire of Net VDD & Pin of Cell I0/byte_controller/U96  ( M1 )
Bounds : ( 1125.640, 970.900 ) ( 1129.000, 971.640 )


SHORT: ( Metal Short ) Special Wire of Net VSS & Pin of Cell I0/byte_controller/U96  ( M1 )
Bounds : ( 1125.640, 966.040 ) ( 1129.000, 966.780 )


SHORT: ( Metal Short ) Special Wire of Net VSS & Pin of Cell I0/byte_controller/U20  ( M1 )
Bounds : ( 1125.640, 965.300 ) ( 1126.760, 966.780 )


SHORT: ( Metal Short ) Special Wire of Net VSS & Pin of Cell I0/byte_controller/cmd_ack_reg  ( M1 )
Bounds : ( 1121.720, 977.240 ) ( 1133.480, 977.980 )


SHORT: ( Metal Short ) Special Wire of Net VDD & Pin of Cell I0/byte_controller/U36  ( M1 )
Bounds : ( 1119.480, 970.900 ) ( 1121.720, 971.640 )


SHORT: ( Metal Short ) Special Wire of Net VSS & Pin of Cell I0/byte_controller/U36  ( M1 )
Bounds : ( 1119.480, 966.040 ) ( 1121.720, 966.780 )


SHORT: ( Metal Short ) Special Wire of Net VSS & Pin of Cell I0/byte_controller/U103  ( M1 )
Bounds : ( 1110.520, 965.300 ) ( 1113.880, 966.040 )


SHORT: ( Metal Short ) Special Wire of Net VSS & Pin of Cell I0/byte_controller/U103  ( M1 )
Bounds : ( 1111.080, 965.300 ) ( 1113.880, 966.780 )


SHORT: ( Metal Short ) Special Wire of Net VSS & Pin of Cell I0/byte_controller/U102  ( M1 )
Bounds : ( 1111.080, 966.040 ) ( 1114.440, 966.780 )


SHORT: ( Metal Short ) Special Wire of Net VDD & Pin of Cell I0/byte_controller/U102  ( M1 )
Bounds : ( 1111.080, 970.900 ) ( 1114.440, 971.640 )


SHORT: ( Metal Short ) Special Wire of Net VSS & Pin of Cell I0/U143  ( M1 )
Bounds : ( 1114.440, 977.240 ) ( 1115.560, 977.980 )


SHORT: ( Metal Short ) Special Wire of Net VSS & Pin of Cell I0/byte_controller/U41  ( M1 )
Bounds : ( 1119.480, 965.300 ) ( 1120.600, 966.780 )


SHORT: ( Metal Short ) Special Wire of Net VDD & Pin of Cell I0/byte_controller/U101  ( M1 )
Bounds : ( 1102.680, 970.900 ) ( 1105.480, 971.640 )


SHORT: ( Metal Short ) Special Wire of Net VSS & Pin of Cell I0/byte_controller/U101  ( M1 )
Bounds : ( 1102.680, 966.040 ) ( 1105.480, 966.780 )


SHORT: ( Metal Short ) Special Wire of Net VDD & Pin of Cell I0/byte_controller/U37  ( M1 )
Bounds : ( 1089.800, 970.900 ) ( 1090.920, 972.380 )


SHORT: ( Metal Short ) Special Wire of Net VSS & Pin of Cell I0/byte_controller/U59  ( M1 )
Bounds : ( 1089.800, 965.300 ) ( 1090.920, 966.780 )


SHORT: ( Metal Short ) Special Wire of Net VSS & Pin of Cell I0/byte_controller/U59  ( M1 )
Bounds : ( 1088.680, 965.300 ) ( 1092.040, 966.040 )


SHORT: ( Metal Short ) Special Wire of Net VSS & Pin of Cell I0/byte_controller/sr_reg[7]  ( M1 )
Bounds : ( 1081.960, 988.440 ) ( 1093.720, 989.180 )


SHORT: ( Metal Short ) Special Wire of Net VDD & Pin of Cell I0/rxack_reg  ( M1 )
Bounds : ( 1082.520, 982.840 ) ( 1094.280, 983.580 )


SHORT: ( Metal Short ) Special Wire of Net VSS & Pin of Cell I0/rxack_reg  ( M1 )
Bounds : ( 1082.520, 987.700 ) ( 1094.280, 988.440 )


SHORT: ( Metal Short ) Special Wire of Net VSS & Pin of Cell I0/rxack_reg  ( M1 )
Bounds : ( 1082.520, 987.700 ) ( 1093.720, 989.180 )


SHORT: ( Metal Short ) Special Wire of Net VSS & Pin of Cell I0/U46  ( M1 )
Bounds : ( 1083.080, 966.040 ) ( 1085.880, 966.780 )


SHORT: ( Metal Short ) Special Wire of Net VDD & Pin of Cell I0/U46  ( M1 )
Bounds : ( 1083.080, 970.900 ) ( 1085.880, 971.640 )


SHORT: ( Metal Short ) Special Wire of Net VDD & Pin of Cell I0/byte_controller/U37  ( M1 )
Bounds : ( 1083.640, 970.900 ) ( 1085.880, 972.380 )


SHORT: ( Metal Short ) Special Wire of Net VDD & Pin of Cell I0/byte_controller/ack_out_reg  ( M1 )
Bounds : ( 1083.640, 971.640 ) ( 1095.400, 972.380 )


SHORT: ( Metal Short ) Special Wire of Net VSS & Pin of Cell I0/byte_controller/ack_out_reg  ( M1 )
Bounds : ( 1083.640, 976.500 ) ( 1095.400, 977.240 )


SHORT: ( Metal Short ) Special Wire of Net VSS & Pin of Cell I0/al_reg  ( M1 )
Bounds : ( 1096.520, 987.700 ) ( 1108.280, 988.440 )


SHORT: ( Metal Short ) Special Wire of Net VDD & Pin of Cell I0/al_reg  ( M1 )
Bounds : ( 1096.520, 982.840 ) ( 1108.280, 983.580 )


SHORT: ( Metal Short ) Special Wire of Net VSS & Pin of Cell I0/U62  ( M1 )
Bounds : ( 1106.040, 977.240 ) ( 1109.400, 977.980 )


SHORT: ( Metal Short ) Special Wire of Net VDD & Pin of Cell I0/U62  ( M1 )
Bounds : ( 1106.040, 982.100 ) ( 1109.400, 982.840 )


SHORT: ( Metal Short ) Special Wire of Net VDD & Pin of Cell I0/U62  ( M1 )
Bounds : ( 1106.040, 982.100 ) ( 1108.280, 983.580 )


SHORT: ( Metal Short ) Special Wire of Net VDD & Pin of Cell I0/byte_controller/sr_reg[7]  ( M1 )
Bounds : ( 1092.040, 993.300 ) ( 1093.160, 994.780 )


SHORT: ( Metal Short ) Special Wire of Net VDD & Pin of Cell I0/byte_controller/sr_reg[7]  ( M1 )
Bounds : ( 1085.320, 993.300 ) ( 1088.120, 994.780 )


SHORT: ( Metal Short ) Special Wire of Net VDD & Pin of Cell I0/byte_controller/sr_reg[7]  ( M1 )
Bounds : ( 1081.960, 993.300 ) ( 1093.720, 994.040 )


SHORT: ( Metal Short ) Special Wire of Net VDD & Pin of Cell I0/byte_controller/U98  ( M1 )
Bounds : ( 1126.200, 993.300 ) ( 1130.120, 994.040 )


SHORT: ( Metal Short ) Special Wire of Net VSS & Pin of Cell I0/txr_reg[7]  ( M1 )
Bounds : ( 1122.840, 999.640 ) ( 1138.520, 1000.380 )


SHORT: ( Metal Short ) Special Wire of Net VDD & Pin of Cell I0/txr_reg[7]  ( M1 )
Bounds : ( 1122.840, 1004.500 ) ( 1138.520, 1005.240 )


SHORT: ( Metal Short ) Special Wire of Net VDD & Pin of Cell I0/txr_reg[7]  ( M1 )
Bounds : ( 1133.480, 1004.500 ) ( 1138.520, 1005.980 )


SHORT: ( Metal Short ) Special Wire of Net VDD & Pin of Cell I0/cr_reg[7]  ( M1 )
Bounds : ( 1133.480, 1005.240 ) ( 1149.160, 1005.980 )


SHORT: ( Metal Short ) Special Wire of Net VSS & Pin of Cell I0/cr_reg[7]  ( M1 )
Bounds : ( 1133.480, 1010.100 ) ( 1149.160, 1010.840 )


SHORT: ( Metal Short ) Special Wire of Net VSS & Pin of Cell I0/byte_controller/U33  ( M1 )
Bounds : ( 1135.160, 988.440 ) ( 1139.080, 989.180 )


SHORT: ( Metal Short ) Special Wire of Net VDD & Pin of Cell I0/byte_controller/U33  ( M1 )
Bounds : ( 1135.160, 993.300 ) ( 1139.080, 994.040 )


SHORT: ( Metal Short ) Special Wire of Net VDD & Pin of Cell I0/cr_reg[5]  ( M1 )
Bounds : ( 1136.280, 1016.440 ) ( 1151.960, 1017.180 )


SHORT: ( Metal Short ) Special Wire of Net VSS & Pin of Cell I0/cr_reg[5]  ( M1 )
Bounds : ( 1136.280, 1021.300 ) ( 1151.960, 1022.040 )


SHORT: ( Metal Short ) Special Wire of Net VSS & Pin of Cell I0/cr_reg[7]  ( M1 )
Bounds : ( 1136.840, 1010.100 ) ( 1149.160, 1011.580 )


SHORT: ( Metal Short ) Special Wire of Net VSS & Pin of Cell I0/cr_reg[6]  ( M1 )
Bounds : ( 1136.840, 1010.840 ) ( 1152.520, 1011.580 )


SHORT: ( Metal Short ) Special Wire of Net VDD & Pin of Cell I0/cr_reg[6]  ( M1 )
Bounds : ( 1136.840, 1015.700 ) ( 1152.520, 1016.440 )


SHORT: ( Metal Short ) Special Wire of Net VDD & Pin of Cell I0/cr_reg[6]  ( M1 )
Bounds : ( 1136.840, 1015.700 ) ( 1151.960, 1017.180 )


SHORT: ( Metal Short ) Special Wire of Net VSS & Pin of Cell I0/byte_controller/U25  ( M1 )
Bounds : ( 1148.600, 954.840 ) ( 1151.400, 955.580 )


SHORT: ( Metal Short ) Special Wire of Net VDD & Pin of Cell I0/byte_controller/U85  ( M1 )
Bounds : ( 1144.680, 960.440 ) ( 1147.480, 961.180 )


SHORT: ( Metal Short ) Special Wire of Net VSS & Pin of Cell I0/byte_controller/U94  ( M1 )
Bounds : ( 1143.560, 954.100 ) ( 1146.360, 954.840 )


SHORT: ( Metal Short ) Special Wire of Net VDD & Pin of Cell I0/byte_controller/U94  ( M1 )
Bounds : ( 1143.560, 949.240 ) ( 1146.360, 949.980 )


SHORT: ( Metal Short ) Special Wire of Net VDD & Pin of Cell I0/byte_controller/U39  ( M1 )
Bounds : ( 1139.640, 960.440 ) ( 1142.440, 961.180 )


SHORT: ( Metal Short ) Special Wire of Net VDD & Pin of Cell I0/byte_controller/U25  ( M1 )
Bounds : ( 1148.600, 959.700 ) ( 1151.400, 960.440 )


SHORT: ( Metal Short ) Special Wire of Net VDD & Pin of Cell I0/byte_controller/U25  ( M1 )
Bounds : ( 1150.280, 959.700 ) ( 1151.400, 961.180 )


SHORT: ( Metal Short ) Special Wire of Net VSS & Pin of Cell I0/byte_controller/U21  ( M1 )
Bounds : ( 1150.840, 954.100 ) ( 1151.960, 954.840 )


SHORT: ( Metal Short ) Special Wire of Net VSS & Pin of Cell I0/byte_controller/U21  ( M1 )
Bounds : ( 1150.840, 954.100 ) ( 1151.400, 955.580 )


SHORT: ( Metal Short ) Special Wire of Net VDD & Pin of Cell I0/byte_controller/U83  ( M1 )
Bounds : ( 1153.640, 960.440 ) ( 1156.440, 961.180 )


SHORT: ( Metal Short ) Special Wire of Net VDD & Pin of Cell I0/byte_controller/c_state_reg[0]  ( M1 )
Bounds : ( 1155.880, 949.240 ) ( 1167.640, 949.980 )


SHORT: ( Metal Short ) Special Wire of Net VSS & Pin of Cell I0/byte_controller/c_state_reg[0]  ( M1 )
Bounds : ( 1155.880, 954.100 ) ( 1167.640, 954.840 )


SHORT: ( Metal Short ) Special Wire of Net VSS & Pin of Cell I0/byte_controller/c_state_reg[0]  ( M1 )
Bounds : ( 1155.880, 954.100 ) ( 1158.680, 955.580 )


SHORT: ( Metal Short ) Special Wire of Net VDD & Pin of Cell I0/byte_controller/U81  ( M1 )
Bounds : ( 1155.880, 959.700 ) ( 1158.680, 960.440 )


SHORT: ( Metal Short ) Special Wire of Net VDD & Pin of Cell I0/byte_controller/U81  ( M1 )
Bounds : ( 1155.880, 959.700 ) ( 1156.440, 961.180 )


SHORT: ( Metal Short ) Special Wire of Net VDD & Pin of Cell I0/byte_controller/U81  ( M1 )
Bounds : ( 1158.120, 959.700 ) ( 1158.680, 961.180 )


SHORT: ( Metal Short ) Special Wire of Net VDD & Pin of Cell I0/byte_controller/U77  ( M1 )
Bounds : ( 1156.440, 937.300 ) ( 1159.800, 938.780 )


SHORT: ( Metal Short ) Special Wire of Net VDD & Pin of Cell I0/byte_controller/U76  ( M1 )
Bounds : ( 1147.480, 937.300 ) ( 1148.040, 938.780 )


SHORT: ( Metal Short ) Special Wire of Net VDD & Pin of Cell I0/byte_controller/U76  ( M1 )
Bounds : ( 1147.480, 937.300 ) ( 1150.840, 938.040 )


SHORT: ( Metal Short ) Special Wire of Net VSS & Pin of Cell I0/byte_controller/U8  ( M1 )
Bounds : ( 1145.800, 942.900 ) ( 1146.360, 944.380 )


SHORT: ( Metal Short ) Special Wire of Net VSS & Pin of Cell I0/byte_controller/U8  ( M1 )
Bounds : ( 1145.800, 942.900 ) ( 1148.040, 943.640 )


SHORT: ( Metal Short ) Special Wire of Net VDD & Pin of Cell I0/byte_controller/U8  ( M1 )
Bounds : ( 1145.800, 938.040 ) ( 1148.040, 938.780 )


SHORT: ( Metal Short ) Special Wire of Net VSS & Pin of Cell I0/byte_controller/U4  ( M1 )
Bounds : ( 1145.240, 943.640 ) ( 1146.360, 944.380 )


SHORT: ( Metal Short ) Special Wire of Net VSS & Pin of Cell I0/byte_controller/U5  ( M1 )
Bounds : ( 1139.640, 942.900 ) ( 1140.760, 944.380 )


SHORT: ( Metal Short ) Special Wire of Net VDD & Pin of Cell I0/byte_controller/U79  ( M1 )
Bounds : ( 1139.640, 937.300 ) ( 1140.760, 938.780 )


SHORT: ( Metal Short ) Special Wire of Net VDD & Pin of Cell I0/byte_controller/U79  ( M1 )
Bounds : ( 1139.640, 937.300 ) ( 1143.000, 938.040 )


SHORT: ( Metal Short ) Special Wire of Net VSS & Pin of Cell I0/byte_controller/U24  ( M1 )
Bounds : ( 1150.280, 943.640 ) ( 1153.080, 944.380 )


SHORT: ( Metal Short ) Special Wire of Net VDD & Pin of Cell I0/byte_controller/c_state_reg[2]  ( M1 )
Bounds : ( 1153.080, 938.040 ) ( 1164.840, 938.780 )


SHORT: ( Metal Short ) Special Wire of Net VSS & Pin of Cell I0/byte_controller/c_state_reg[2]  ( M1 )
Bounds : ( 1153.080, 942.900 ) ( 1164.840, 943.640 )


SHORT: ( Metal Short ) Special Wire of Net VSS & Pin of Cell I0/byte_controller/c_state_reg[2]  ( M1 )
Bounds : ( 1156.440, 942.900 ) ( 1159.240, 944.380 )


SHORT: ( Metal Short ) Special Wire of Net VDD & Pin of Cell I0/byte_controller/U24  ( M1 )
Bounds : ( 1150.840, 948.500 ) ( 1151.960, 949.980 )


SHORT: ( Metal Short ) Special Wire of Net VDD & Pin of Cell I0/byte_controller/U24  ( M1 )
Bounds : ( 1150.280, 948.500 ) ( 1153.080, 949.240 )


SHORT: ( Metal Short ) Special Wire of Net VDD & Pin of Cell I0/byte_controller/U4  ( M1 )
Bounds : ( 1145.240, 948.500 ) ( 1146.360, 949.980 )


SHORT: ( Metal Short ) Special Wire of Net VDD & Pin of Cell I0/byte_controller/U22  ( M1 )
Bounds : ( 1156.440, 948.500 ) ( 1159.240, 949.980 )


SHORT: ( Metal Short ) Special Wire of Net VDD & Pin of Cell I0/byte_controller/c_state_reg[1]  ( M1 )
Bounds : ( 1158.120, 960.440 ) ( 1169.880, 961.180 )


SHORT: ( Metal Short ) Special Wire of Net VSS & Pin of Cell I0/byte_controller/U76  ( M1 )
Bounds : ( 1147.480, 932.440 ) ( 1150.840, 933.180 )


SHORT: ( Metal Short ) Special Wire of Net VSS & Pin of Cell I0/byte_controller/core_cmd_reg[3]  ( M1 )
Bounds : ( 1146.920, 920.500 ) ( 1158.680, 921.240 )


SHORT: ( Metal Short ) Special Wire of Net VDD & Pin of Cell I0/byte_controller/core_cmd_reg[3]  ( M1 )
Bounds : ( 1146.920, 915.640 ) ( 1158.680, 916.380 )


SHORT: ( Metal Short ) Special Wire of Net VDD & Pin of Cell I0/byte_controller/bit_controller/dscl_oen_reg  ( M1 )
Bounds : ( 1146.920, 914.900 ) ( 1147.480, 916.380 )


SHORT: ( Metal Short ) Special Wire of Net VDD & Pin of Cell I0/byte_controller/bit_controller/U82  ( M1 )
Bounds : ( 1146.360, 914.900 ) ( 1147.480, 915.640 )


SHORT: ( Metal Short ) Special Wire of Net VSS & Pin of Cell I0/byte_controller/bit_controller/clk_en_reg  ( M1 )
Bounds : ( 1139.640, 931.700 ) ( 1143.000, 933.180 )


SHORT: ( Metal Short ) Special Wire of Net VDD & Pin of Cell I0/byte_controller/bit_controller/U85  ( M1 )
Bounds : ( 1139.080, 914.900 ) ( 1140.200, 916.380 )


SHORT: ( Metal Short ) Special Wire of Net VSS & Pin of Cell I0/byte_controller/bit_controller/U140  ( M1 )
Bounds : ( 1138.520, 920.500 ) ( 1139.640, 921.980 )


SHORT: ( Metal Short ) Special Wire of Net VSS & Pin of Cell I0/byte_controller/bit_controller/U140  ( M1 )
Bounds : ( 1138.520, 920.500 ) ( 1140.760, 921.240 )


SHORT: ( Metal Short ) Special Wire of Net VDD & Pin of Cell I0/byte_controller/bit_controller/U140  ( M1 )
Bounds : ( 1138.520, 915.640 ) ( 1140.760, 916.380 )


SHORT: ( Metal Short ) Special Wire of Net VSS & Pin of Cell I0/byte_controller/bit_controller/dscl_oen_reg  ( M1 )
Bounds : ( 1153.640, 910.040 ) ( 1164.280, 910.780 )


SHORT: ( Metal Short ) Special Wire of Net VSS & Pin of Cell I0/byte_controller/bit_controller/U50  ( M1 )
Bounds : ( 1146.360, 909.300 ) ( 1147.480, 910.780 )


SHORT: ( Metal Short ) Special Wire of Net VSS & Pin of Cell I0/byte_controller/bit_controller/U50  ( M1 )
Bounds : ( 1145.240, 909.300 ) ( 1148.600, 910.040 )


SHORT: ( Metal Short ) Special Wire of Net VDD & Pin of Cell I0/byte_controller/bit_controller/U50  ( M1 )
Bounds : ( 1145.240, 904.440 ) ( 1148.600, 905.180 )


SHORT: ( Metal Short ) Special Wire of Net VSS & Pin of Cell I0/byte_controller/bit_controller/U25  ( M1 )
Bounds : ( 1139.080, 909.300 ) ( 1140.200, 910.780 )


SHORT: ( Metal Short ) Special Wire of Net VDD & Pin of Cell I0/byte_controller/U23  ( M1 )
Bounds : ( 1150.840, 926.840 ) ( 1153.640, 927.580 )


SHORT: ( Metal Short ) Special Wire of Net VSS & Pin of Cell I0/byte_controller/U23  ( M1 )
Bounds : ( 1150.840, 931.700 ) ( 1153.640, 932.440 )


SHORT: ( Metal Short ) Special Wire of Net VSS & Pin of Cell I0/byte_controller/core_cmd_reg[3]  ( M1 )
Bounds : ( 1151.960, 920.500 ) ( 1158.680, 921.980 )


SHORT: ( Metal Short ) Special Wire of Net VSS & Pin of Cell I0/byte_controller/core_cmd_reg[2]  ( M1 )
Bounds : ( 1151.960, 921.240 ) ( 1163.720, 921.980 )


SHORT: ( Metal Short ) Special Wire of Net VDD & Pin of Cell I0/byte_controller/core_cmd_reg[2]  ( M1 )
Bounds : ( 1151.960, 926.100 ) ( 1163.720, 926.840 )


SHORT: ( Metal Short ) Special Wire of Net VDD & Pin of Cell I0/byte_controller/core_cmd_reg[2]  ( M1 )
Bounds : ( 1151.960, 926.100 ) ( 1153.640, 927.580 )


SHORT: ( Metal Short ) Special Wire of Net VDD & Pin of Cell I0/byte_controller/bit_controller/dscl_oen_reg  ( M1 )
Bounds : ( 1153.640, 914.900 ) ( 1164.280, 915.640 )


SHORT: ( Metal Short ) Special Wire of Net VDD & Pin of Cell I0/byte_controller/bit_controller/dscl_oen_reg  ( M1 )
Bounds : ( 1153.640, 914.900 ) ( 1158.680, 916.380 )


SHORT: ( Metal Short ) Special Wire of Net VSS & Pin of Cell I0/byte_controller/U77  ( M1 )
Bounds : ( 1156.440, 932.440 ) ( 1159.800, 933.180 )


SHORT: ( Metal Short ) Special Wire of Net VDD & Pin of Cell I0/byte_controller/U20  ( M1 )
Bounds : ( 1125.640, 960.440 ) ( 1126.760, 961.180 )


SHORT: ( Metal Short ) Special Wire of Net VSS & Pin of Cell I0/byte_controller/c_state_reg[4]  ( M1 )
Bounds : ( 1122.280, 942.900 ) ( 1134.040, 943.640 )


SHORT: ( Metal Short ) Special Wire of Net VDD & Pin of Cell I0/byte_controller/c_state_reg[4]  ( M1 )
Bounds : ( 1122.280, 938.040 ) ( 1134.040, 938.780 )


SHORT: ( Metal Short ) Special Wire of Net VSS & Pin of Cell I0/byte_controller/c_state_reg[3]  ( M1 )
Bounds : ( 1121.720, 954.100 ) ( 1133.480, 954.840 )


SHORT: ( Metal Short ) Special Wire of Net VDD & Pin of Cell I0/byte_controller/c_state_reg[3]  ( M1 )
Bounds : ( 1121.720, 949.240 ) ( 1133.480, 949.980 )


SHORT: ( Metal Short ) Special Wire of Net VDD & Pin of Cell I0/byte_controller/U41  ( M1 )
Bounds : ( 1119.480, 960.440 ) ( 1120.600, 961.180 )


SHORT: ( Metal Short ) Special Wire of Net VDD & Pin of Cell I0/byte_controller/U9  ( M1 )
Bounds : ( 1119.480, 959.700 ) ( 1120.040, 961.180 )


SHORT: ( Metal Short ) Special Wire of Net VDD & Pin of Cell I0/byte_controller/U9  ( M1 )
Bounds : ( 1118.920, 959.700 ) ( 1120.040, 960.440 )


SHORT: ( Metal Short ) Special Wire of Net VSS & Pin of Cell I0/byte_controller/U9  ( M1 )
Bounds : ( 1118.920, 954.840 ) ( 1120.040, 955.580 )


SHORT: ( Metal Short ) Special Wire of Net VSS & Pin of Cell I0/byte_controller/U28  ( M1 )
Bounds : ( 1115.560, 954.100 ) ( 1117.800, 954.840 )


SHORT: ( Metal Short ) Special Wire of Net VDD & Pin of Cell I0/byte_controller/U28  ( M1 )
Bounds : ( 1115.560, 949.240 ) ( 1117.800, 949.980 )


SHORT: ( Metal Short ) Special Wire of Net VSS & Pin of Cell I0/byte_controller/bit_controller/U110  ( M1 )
Bounds : ( 1115.560, 942.900 ) ( 1117.800, 943.640 )


SHORT: ( Metal Short ) Special Wire of Net VDD & Pin of Cell I0/byte_controller/bit_controller/U110  ( M1 )
Bounds : ( 1115.560, 938.040 ) ( 1117.800, 938.780 )


SHORT: ( Metal Short ) Special Wire of Net VDD & Pin of Cell I0/byte_controller/U43  ( M1 )
Bounds : ( 1111.640, 959.700 ) ( 1113.880, 961.180 )


SHORT: ( Metal Short ) Special Wire of Net VSS & Pin of Cell I0/byte_controller/U43  ( M1 )
Bounds : ( 1111.640, 954.840 ) ( 1113.880, 955.580 )


SHORT: ( Metal Short ) Special Wire of Net VDD & Pin of Cell I0/byte_controller/U103  ( M1 )
Bounds : ( 1110.520, 960.440 ) ( 1113.880, 961.180 )


SHORT: ( Metal Short ) Special Wire of Net VSS & Pin of Cell I0/byte_controller/c_state_reg[4]  ( M1 )
Bounds : ( 1128.440, 942.900 ) ( 1131.800, 944.380 )


SHORT: ( Metal Short ) Special Wire of Net VDD & Pin of Cell I0/byte_controller/U92  ( M1 )
Bounds : ( 1128.440, 948.500 ) ( 1131.800, 949.980 )


SHORT: ( Metal Short ) Special Wire of Net VDD & Pin of Cell I0/byte_controller/U95  ( M1 )
Bounds : ( 1130.120, 960.440 ) ( 1134.600, 961.180 )


SHORT: ( Metal Short ) Special Wire of Net VDD & Pin of Cell I0/byte_controller/U78  ( M1 )
Bounds : ( 1130.680, 937.300 ) ( 1135.160, 938.040 )


SHORT: ( Metal Short ) Special Wire of Net VDD & Pin of Cell I0/byte_controller/U78  ( M1 )
Bounds : ( 1130.680, 937.300 ) ( 1134.040, 938.780 )


SHORT: ( Metal Short ) Special Wire of Net VDD & Pin of Cell I0/byte_controller/U100  ( M1 )
Bounds : ( 1103.240, 959.700 ) ( 1106.600, 960.440 )


SHORT: ( Metal Short ) Special Wire of Net VSS & Pin of Cell I0/byte_controller/U100  ( M1 )
Bounds : ( 1103.240, 954.840 ) ( 1106.600, 955.580 )


SHORT: ( Metal Short ) Special Wire of Net VDD & Pin of Cell I0/byte_controller/bit_controller/U115  ( M1 )
Bounds : ( 1093.720, 948.500 ) ( 1097.080, 949.240 )


SHORT: ( Metal Short ) Special Wire of Net VSS & Pin of Cell I0/byte_controller/bit_controller/U114  ( M1 )
Bounds : ( 1093.720, 942.900 ) ( 1097.080, 944.380 )


SHORT: ( Metal Short ) Special Wire of Net VSS & Pin of Cell I0/byte_controller/bit_controller/U114  ( M1 )
Bounds : ( 1093.160, 942.900 ) ( 1097.080, 943.640 )


SHORT: ( Metal Short ) Special Wire of Net VDD & Pin of Cell I0/byte_controller/bit_controller/U114  ( M1 )
Bounds : ( 1093.160, 938.040 ) ( 1097.080, 938.780 )


SHORT: ( Metal Short ) Special Wire of Net VDD & Pin of Cell I0/byte_controller/U59  ( M1 )
Bounds : ( 1088.680, 960.440 ) ( 1092.040, 961.180 )


SHORT: ( Metal Short ) Special Wire of Net VDD & Pin of Cell I0/byte_controller/U38  ( M1 )
Bounds : ( 1088.680, 959.700 ) ( 1090.360, 961.180 )


SHORT: ( Metal Short ) Special Wire of Net VDD & Pin of Cell I0/byte_controller/U38  ( M1 )
Bounds : ( 1088.120, 959.700 ) ( 1090.360, 960.440 )


SHORT: ( Metal Short ) Special Wire of Net VSS & Pin of Cell I0/byte_controller/U38  ( M1 )
Bounds : ( 1088.120, 954.840 ) ( 1090.360, 955.580 )


SHORT: ( Metal Short ) Special Wire of Net VDD & Pin of Cell I0/wb_dat_o_reg[4]  ( M1 )
Bounds : ( 1078.600, 938.040 ) ( 1089.240, 938.780 )


SHORT: ( Metal Short ) Special Wire of Net VSS & Pin of Cell I0/wb_dat_o_reg[4]  ( M1 )
Bounds : ( 1078.600, 942.900 ) ( 1089.240, 943.640 )


SHORT: ( Metal Short ) Special Wire of Net VDD & Pin of Cell I0/byte_controller/bit_controller/al_reg  ( M1 )
Bounds : ( 1100.440, 938.040 ) ( 1112.200, 938.780 )


SHORT: ( Metal Short ) Special Wire of Net VSS & Pin of Cell I0/byte_controller/bit_controller/al_reg  ( M1 )
Bounds : ( 1100.440, 942.900 ) ( 1112.200, 943.640 )


SHORT: ( Metal Short ) Special Wire of Net VSS & Pin of Cell I0/byte_controller/bit_controller/U57  ( M1 )
Bounds : ( 1124.520, 920.500 ) ( 1127.880, 921.240 )


SHORT: ( Metal Short ) Special Wire of Net VDD & Pin of Cell I0/byte_controller/bit_controller/U57  ( M1 )
Bounds : ( 1124.520, 915.640 ) ( 1127.880, 916.380 )


SHORT: ( Metal Short ) Special Wire of Net VSS & Pin of Cell I0/byte_controller/bit_controller/clk_en_reg  ( M1 )
Bounds : ( 1119.480, 931.700 ) ( 1132.920, 932.440 )


SHORT: ( Metal Short ) Special Wire of Net VDD & Pin of Cell I0/byte_controller/bit_controller/clk_en_reg  ( M1 )
Bounds : ( 1119.480, 926.840 ) ( 1132.920, 927.580 )


SHORT: ( Metal Short ) Special Wire of Net VSS & Pin of Cell I0/byte_controller/bit_controller/U56  ( M1 )
Bounds : ( 1113.880, 931.700 ) ( 1117.240, 932.440 )


SHORT: ( Metal Short ) Special Wire of Net VDD & Pin of Cell I0/byte_controller/bit_controller/U56  ( M1 )
Bounds : ( 1113.880, 926.840 ) ( 1117.240, 927.580 )


SHORT: ( Metal Short ) Special Wire of Net VDD & Pin of Cell I0/byte_controller/bit_controller/U98  ( M1 )
Bounds : ( 1123.400, 904.440 ) ( 1126.200, 905.180 )


SHORT: ( Metal Short ) Special Wire of Net VSS & Pin of Cell I0/byte_controller/bit_controller/U98  ( M1 )
Bounds : ( 1123.400, 909.300 ) ( 1126.200, 910.040 )


SHORT: ( Metal Short ) Special Wire of Net VDD & Pin of Cell I0/byte_controller/bit_controller/U53  ( M1 )
Bounds : ( 1130.120, 904.440 ) ( 1132.920, 905.180 )


SHORT: ( Metal Short ) Special Wire of Net VSS & Pin of Cell I0/byte_controller/bit_controller/U53  ( M1 )
Bounds : ( 1130.120, 909.300 ) ( 1132.920, 910.040 )


SHORT: ( Metal Short ) Special Wire of Net VSS & Pin of Cell I0/byte_controller/bit_controller/U53  ( M1 )
Bounds : ( 1131.800, 909.300 ) ( 1132.920, 910.780 )


SHORT: ( Metal Short ) Special Wire of Net VDD & Pin of Cell I0/byte_controller/core_cmd_reg[1]  ( M1 )
Bounds : ( 1127.880, 926.100 ) ( 1132.920, 927.580 )


SHORT: ( Metal Short ) Special Wire of Net VSS & Pin of Cell I0/byte_controller/bit_controller/clk_en_reg  ( M1 )
Bounds : ( 1130.680, 931.700 ) ( 1132.920, 933.180 )


SHORT: ( Metal Short ) Special Wire of Net VSS & Pin of Cell I0/byte_controller/U78  ( M1 )
Bounds : ( 1130.680, 932.440 ) ( 1135.160, 933.180 )


SHORT: ( Metal Short ) Special Wire of Net VDD & Pin of Cell I0/byte_controller/bit_controller/U161  ( M1 )
Bounds : ( 1131.800, 914.900 ) ( 1132.920, 915.640 )


SHORT: ( Metal Short ) Special Wire of Net VDD & Pin of Cell I0/byte_controller/bit_controller/U148  ( M1 )
Bounds : ( 1132.920, 915.640 ) ( 1134.040, 916.380 )


SHORT: ( Metal Short ) Special Wire of Net VSS & Pin of Cell I0/byte_controller/bit_controller/U140  ( M1 )
Bounds : ( 1132.920, 920.500 ) ( 1134.040, 921.980 )


SHORT: ( Metal Short ) Special Wire of Net VSS & Pin of Cell I0/byte_controller/bit_controller/clk_en_reg  ( M1 )
Bounds : ( 1134.600, 931.700 ) ( 1135.160, 933.180 )


SHORT: ( Metal Short ) Special Wire of Net VSS & Pin of Cell I0/byte_controller/bit_controller/sda_chk_reg  ( M1 )
Bounds : ( 1092.600, 920.500 ) ( 1104.360, 921.240 )


SHORT: ( Metal Short ) Special Wire of Net VDD & Pin of Cell I0/byte_controller/bit_controller/sda_chk_reg  ( M1 )
Bounds : ( 1092.600, 915.640 ) ( 1104.360, 916.380 )


SHORT: ( Metal Short ) Special Wire of Net VDD & Pin of Cell I0/byte_controller/bit_controller/U3  ( M1 )
Bounds : ( 1097.640, 904.440 ) ( 1101.000, 905.180 )


SHORT: ( Metal Short ) Special Wire of Net VSS & Pin of Cell I0/byte_controller/bit_controller/U3  ( M1 )
Bounds : ( 1097.640, 909.300 ) ( 1101.000, 910.040 )


SHORT: ( Metal Short ) Special Wire of Net VDD & Pin of Cell I0/wb_dat_o_reg[5]  ( M1 )
Bounds : ( 1079.160, 926.840 ) ( 1089.800, 927.580 )


SHORT: ( Metal Short ) Special Wire of Net VSS & Pin of Cell I0/wb_dat_o_reg[5]  ( M1 )
Bounds : ( 1079.160, 931.700 ) ( 1089.800, 932.440 )


SHORT: ( Metal Short ) Special Wire of Net VDD & Pin of Cell I0/byte_controller/bit_controller/U158  ( M1 )
Bounds : ( 1094.840, 926.840 ) ( 1095.960, 927.580 )


SHORT: ( Metal Short ) Special Wire of Net VSS & Pin of Cell I0/byte_controller/bit_controller/U158  ( M1 )
Bounds : ( 1094.840, 931.700 ) ( 1095.960, 932.440 )


SHORT: ( Metal Short ) Special Wire of Net VSS & Pin of Cell I0/byte_controller/bit_controller/sda_chk_reg  ( M1 )
Bounds : ( 1099.320, 920.500 ) ( 1104.360, 921.980 )


SHORT: ( Metal Short ) Special Wire of Net VDD & Pin of Cell I0/byte_controller/core_txd_reg  ( M1 )
Bounds : ( 1099.320, 926.100 ) ( 1111.080, 926.840 )


SHORT: ( Metal Short ) Special Wire of Net VSS & Pin of Cell I0/byte_controller/core_txd_reg  ( M1 )
Bounds : ( 1099.320, 921.240 ) ( 1111.080, 921.980 )


SHORT: ( Metal Short ) Special Wire of Net VSS & Pin of Cell I0/byte_controller/bit_controller/cmd_stop_reg  ( M1 )
Bounds : ( 1098.760, 931.700 ) ( 1110.520, 932.440 )


SHORT: ( Metal Short ) Special Wire of Net VDD & Pin of Cell I0/byte_controller/bit_controller/cmd_stop_reg  ( M1 )
Bounds : ( 1098.760, 926.840 ) ( 1110.520, 927.580 )


SHORT: ( Metal Short ) Special Wire of Net VSS & Pin of Cell I0/byte_controller/bit_controller/c_state_reg[13]  ( M1 )
Bounds : ( 1106.600, 909.300 ) ( 1118.360, 910.040 )


SHORT: ( Metal Short ) Special Wire of Net VDD & Pin of Cell I0/byte_controller/bit_controller/c_state_reg[13]  ( M1 )
Bounds : ( 1106.600, 904.440 ) ( 1118.360, 905.180 )


SHORT: ( Metal Short ) Special Wire of Net VDD & Pin of Cell I0/byte_controller/core_txd_reg  ( M1 )
Bounds : ( 1099.320, 926.100 ) ( 1110.520, 927.580 )


SHORT: ( Metal Short ) Special Wire of Net VDD & Pin of Cell I0/byte_controller/bit_controller/cmd_ack_reg  ( M1 )
Bounds : ( 1107.720, 915.640 ) ( 1119.480, 916.380 )


SHORT: ( Metal Short ) Special Wire of Net VSS & Pin of Cell I0/byte_controller/bit_controller/cmd_ack_reg  ( M1 )
Bounds : ( 1107.720, 920.500 ) ( 1119.480, 921.240 )


SHORT: ( Metal Short ) Special Wire of Net VSS & Pin of Cell I0/byte_controller/bit_controller/sda_chk_reg  ( M1 )
Bounds : ( 1107.720, 920.500 ) ( 1111.080, 921.980 )


SHORT: ( Metal Short ) Special Wire of Net VSS & Pin of Cell I0/byte_controller/bit_controller/U25  ( M1 )
Bounds : ( 1136.840, 909.300 ) ( 1140.200, 910.040 )


SHORT: ( Metal Short ) Special Wire of Net VDD & Pin of Cell I0/byte_controller/bit_controller/U25  ( M1 )
Bounds : ( 1136.840, 904.440 ) ( 1140.200, 905.180 )


SHORT: ( Metal Short ) Special Wire of Net VSS & Pin of Cell I0/byte_controller/core_cmd_reg[1]  ( M1 )
Bounds : ( 1127.880, 921.240 ) ( 1139.640, 921.980 )


SHORT: ( Metal Short ) Special Wire of Net VDD & Pin of Cell I0/byte_controller/core_cmd_reg[1]  ( M1 )
Bounds : ( 1127.880, 926.100 ) ( 1139.640, 926.840 )


SHORT: ( Metal Short ) Special Wire of Net VDD & Pin of Cell I0/byte_controller/core_cmd_reg[1]  ( M1 )
Bounds : ( 1134.600, 926.100 ) ( 1139.640, 927.580 )


SHORT: ( Metal Short ) Special Wire of Net VDD & Pin of Cell I0/byte_controller/core_cmd_reg[0]  ( M1 )
Bounds : ( 1134.600, 926.840 ) ( 1146.360, 927.580 )


SHORT: ( Metal Short ) Special Wire of Net VSS & Pin of Cell I0/byte_controller/core_cmd_reg[0]  ( M1 )
Bounds : ( 1134.600, 931.700 ) ( 1146.360, 932.440 )


SHORT: ( Metal Short ) Special Wire of Net VDD & Pin of Cell I0/byte_controller/U6  ( M1 )
Bounds : ( 1136.840, 949.240 ) ( 1139.080, 949.980 )


SHORT: ( Metal Short ) Special Wire of Net VSS & Pin of Cell I0/byte_controller/U6  ( M1 )
Bounds : ( 1136.840, 954.100 ) ( 1139.080, 954.840 )


SHORT: ( Metal Short ) Special Wire of Net VSS & Pin of Cell I0/byte_controller/U80  ( M1 )
Bounds : ( 1137.960, 943.640 ) ( 1141.320, 944.380 )


SHORT: ( Metal Short ) Special Wire of Net VDD & Pin of Cell I0/byte_controller/U80  ( M1 )
Bounds : ( 1137.960, 948.500 ) ( 1141.320, 949.240 )


SHORT: ( Metal Short ) Special Wire of Net VDD & Pin of Cell I0/byte_controller/U80  ( M1 )
Bounds : ( 1137.960, 948.500 ) ( 1139.080, 949.980 )


SHORT: ( Metal Short ) Special Wire of Net VDD & Pin of Cell I0/byte_controller/bit_controller/U84  ( M1 )
Bounds : ( 1070.760, 982.100 ) ( 1075.240, 982.840 )


SHORT: ( Metal Short ) Special Wire of Net VSS & Pin of Cell I0/byte_controller/bit_controller/U84  ( M1 )
Bounds : ( 1070.760, 977.240 ) ( 1075.240, 977.980 )


SHORT: ( Metal Short ) Special Wire of Net VSS & Pin of Cell I0/byte_controller/bit_controller/U71  ( M1 )
Bounds : ( 1070.760, 976.500 ) ( 1071.320, 977.980 )


SHORT: ( Metal Short ) Special Wire of Net VSS & Pin of Cell I0/byte_controller/bit_controller/U71  ( M1 )
Bounds : ( 1069.080, 976.500 ) ( 1071.320, 977.240 )


SHORT: ( Metal Short ) Special Wire of Net VDD & Pin of Cell I0/byte_controller/bit_controller/dout_reg  ( M1 )
Bounds : ( 1069.080, 970.900 ) ( 1071.320, 972.380 )


SHORT: ( Metal Short ) Special Wire of Net VSS & Pin of Cell I0/byte_controller/bit_controller/dSDA_reg  ( M1 )
Bounds : ( 1067.960, 965.300 ) ( 1070.760, 966.780 )


SHORT: ( Metal Short ) Special Wire of Net VSS & Pin of Cell I0/byte_controller/bit_controller/U130  ( M1 )
Bounds : ( 1065.160, 987.700 ) ( 1067.400, 989.180 )


SHORT: ( Metal Short ) Special Wire of Net VSS & Pin of Cell I0/byte_controller/bit_controller/U130  ( M1 )
Bounds : ( 1062.920, 987.700 ) ( 1067.400, 988.440 )


SHORT: ( Metal Short ) Special Wire of Net VDD & Pin of Cell I0/byte_controller/bit_controller/U130  ( M1 )
Bounds : ( 1062.920, 982.840 ) ( 1067.400, 983.580 )


SHORT: ( Metal Short ) Special Wire of Net VSS & Pin of Cell I0/byte_controller/bit_controller/U131  ( M1 )
Bounds : ( 1062.360, 976.500 ) ( 1065.160, 977.240 )


SHORT: ( Metal Short ) Special Wire of Net VDD & Pin of Cell I0/byte_controller/bit_controller/U131  ( M1 )
Bounds : ( 1062.360, 971.640 ) ( 1065.160, 972.380 )


SHORT: ( Metal Short ) Special Wire of Net VSS & Pin of Cell I0/byte_controller/bit_controller/dSDA_reg  ( M1 )
Bounds : ( 1057.320, 965.300 ) ( 1070.760, 966.040 )


SHORT: ( Metal Short ) Special Wire of Net VDD & Pin of Cell I0/byte_controller/bit_controller/sSCL_reg  ( M1 )
Bounds : ( 1057.320, 1005.240 ) ( 1070.760, 1005.980 )


SHORT: ( Metal Short ) Special Wire of Net VSS & Pin of Cell I0/byte_controller/bit_controller/sSCL_reg  ( M1 )
Bounds : ( 1057.320, 1010.100 ) ( 1070.760, 1010.840 )


SHORT: ( Metal Short ) Special Wire of Net VSS & Pin of Cell I0/byte_controller/bit_controller/sSDA_reg  ( M1 )
Bounds : ( 1059.000, 999.640 ) ( 1072.440, 1000.380 )


SHORT: ( Metal Short ) Special Wire of Net VDD & Pin of Cell I0/byte_controller/bit_controller/sSDA_reg  ( M1 )
Bounds : ( 1059.000, 1004.500 ) ( 1072.440, 1005.240 )


SHORT: ( Metal Short ) Special Wire of Net VDD & Pin of Cell I0/byte_controller/bit_controller/sSDA_reg  ( M1 )
Bounds : ( 1059.000, 1004.500 ) ( 1070.760, 1005.980 )


SHORT: ( Metal Short ) Special Wire of Net VSS & Pin of Cell I0/byte_controller/bit_controller/U78  ( M1 )
Bounds : ( 1060.120, 988.440 ) ( 1062.360, 989.180 )


SHORT: ( Metal Short ) Special Wire of Net VDD & Pin of Cell I0/byte_controller/bit_controller/U78  ( M1 )
Bounds : ( 1060.120, 993.300 ) ( 1062.360, 994.040 )


SHORT: ( Metal Short ) Special Wire of Net VDD & Pin of Cell I0/byte_controller/bit_controller/U84  ( M1 )
Bounds : ( 1073.000, 982.100 ) ( 1075.240, 983.580 )


SHORT: ( Metal Short ) Special Wire of Net VSS & Pin of Cell I0/byte_controller/bit_controller/U130  ( M1 )
Bounds : ( 1073.000, 987.700 ) ( 1075.240, 989.180 )


SHORT: ( Metal Short ) Special Wire of Net VDD & Pin of Cell I0/byte_controller/bit_controller/dout_reg  ( M1 )
Bounds : ( 1076.360, 970.900 ) ( 1078.040, 972.380 )


SHORT: ( Metal Short ) Special Wire of Net VSS & Pin of Cell I0/FE_DBTC1_wire_wb_rst_i  ( M1 )
Bounds : ( 1076.360, 976.500 ) ( 1078.040, 977.240 )


SHORT: ( Metal Short ) Special Wire of Net VDD & Pin of Cell I0/byte_controller/bit_controller/busy_reg  ( M1 )
Bounds : ( 1067.400, 959.700 ) ( 1070.760, 961.180 )


SHORT: ( Metal Short ) Special Wire of Net VSS & Pin of Cell I0/byte_controller/bit_controller/sta_condition_reg  ( M1 )
Bounds : ( 1067.400, 954.100 ) ( 1070.200, 955.580 )


SHORT: ( Metal Short ) Special Wire of Net VSS & Pin of Cell I0/wb_dat_o_reg[7]  ( M1 )
Bounds : ( 1065.720, 931.700 ) ( 1076.360, 932.440 )


SHORT: ( Metal Short ) Special Wire of Net VDD & Pin of Cell I0/wb_dat_o_reg[6]  ( M1 )
Bounds : ( 1065.720, 926.100 ) ( 1076.360, 927.580 )


SHORT: ( Metal Short ) Special Wire of Net VSS & Pin of Cell I0/wb_dat_o_reg[6]  ( M1 )
Bounds : ( 1065.720, 921.240 ) ( 1076.360, 921.980 )


SHORT: ( Metal Short ) Special Wire of Net VDD & Pin of Cell I0/byte_controller/bit_controller/dSDA_reg  ( M1 )
Bounds : ( 1057.320, 960.440 ) ( 1070.760, 961.180 )


SHORT: ( Metal Short ) Special Wire of Net VDD & Pin of Cell I0/byte_controller/bit_controller/sta_condition_reg  ( M1 )
Bounds : ( 1058.440, 949.240 ) ( 1070.200, 949.980 )


SHORT: ( Metal Short ) Special Wire of Net VSS & Pin of Cell I0/byte_controller/bit_controller/sta_condition_reg  ( M1 )
Bounds : ( 1058.440, 954.100 ) ( 1070.200, 954.840 )


SHORT: ( Metal Short ) Special Wire of Net VSS & Pin of Cell I0/byte_controller/bit_controller/sto_condition_reg  ( M1 )
Bounds : ( 1059.000, 943.640 ) ( 1070.760, 944.380 )


SHORT: ( Metal Short ) Special Wire of Net VDD & Pin of Cell I0/byte_controller/bit_controller/sto_condition_reg  ( M1 )
Bounds : ( 1059.000, 948.500 ) ( 1070.760, 949.240 )


SHORT: ( Metal Short ) Special Wire of Net VDD & Pin of Cell I0/byte_controller/bit_controller/sto_condition_reg  ( M1 )
Bounds : ( 1059.000, 948.500 ) ( 1070.200, 949.980 )


SHORT: ( Metal Short ) Special Wire of Net VDD & Pin of Cell I0/byte_controller/bit_controller/U129  ( M1 )
Bounds : ( 1074.120, 949.240 ) ( 1078.040, 949.980 )


SHORT: ( Metal Short ) Special Wire of Net VSS & Pin of Cell I0/byte_controller/bit_controller/sta_condition_reg  ( M1 )
Bounds : ( 1074.120, 954.100 ) ( 1078.040, 955.580 )


SHORT: ( Metal Short ) Special Wire of Net VSS & Pin of Cell I0/byte_controller/bit_controller/dSCL_reg  ( M1 )
Bounds : ( 1065.160, 988.440 ) ( 1078.600, 989.180 )


SHORT: ( Metal Short ) Special Wire of Net VDD & Pin of Cell I0/byte_controller/bit_controller/dSCL_reg  ( M1 )
Bounds : ( 1065.160, 993.300 ) ( 1078.600, 994.040 )


SHORT: ( Metal Short ) Special Wire of Net VSS & Pin of Cell I0/byte_controller/bit_controller/busy_reg  ( M1 )
Bounds : ( 1067.400, 954.840 ) ( 1079.160, 955.580 )


SHORT: ( Metal Short ) Special Wire of Net VDD & Pin of Cell I0/byte_controller/bit_controller/busy_reg  ( M1 )
Bounds : ( 1067.400, 959.700 ) ( 1079.160, 960.440 )


SHORT: ( Metal Short ) Special Wire of Net VSS & Pin of Cell I0/byte_controller/bit_controller/dout_reg  ( M1 )
Bounds : ( 1067.960, 966.040 ) ( 1078.600, 966.780 )


SHORT: ( Metal Short ) Special Wire of Net VDD & Pin of Cell I0/byte_controller/bit_controller/dout_reg  ( M1 )
Bounds : ( 1067.960, 970.900 ) ( 1078.600, 971.640 )


SHORT: ( Metal Short ) Special Wire of Net VSS & Pin of Cell I0/byte_controller/sr_reg[5]  ( M1 )
Bounds : ( 1072.440, 1022.040 ) ( 1084.200, 1022.780 )


SHORT: ( Metal Short ) Special Wire of Net VDD & Pin of Cell I0/byte_controller/sr_reg[6]  ( M1 )
Bounds : ( 1074.120, 1005.240 ) ( 1085.880, 1005.980 )


SHORT: ( Metal Short ) Special Wire of Net VSS & Pin of Cell I0/byte_controller/sr_reg[6]  ( M1 )
Bounds : ( 1074.120, 1010.100 ) ( 1085.880, 1010.840 )


SHORT: ( Metal Short ) Special Wire of Net VSS & Pin of Cell I0/byte_controller/sr_reg[6]  ( M1 )
Bounds : ( 1078.040, 1010.100 ) ( 1080.840, 1011.580 )


SHORT: ( Metal Short ) Special Wire of Net VDD & Pin of Cell I0/byte_controller/U62  ( M1 )
Bounds : ( 1078.040, 1015.700 ) ( 1080.840, 1016.440 )


SHORT: ( Metal Short ) Special Wire of Net VDD & Pin of Cell I0/byte_controller/bit_controller/cnt_reg[15]  ( M1 )
Bounds : ( 1186.680, 1106.040 ) ( 1198.440, 1106.780 )


SHORT: ( Metal Short ) Special Wire of Net VSS & Pin of Cell I0/byte_controller/bit_controller/cnt_reg[15]  ( M1 )
Bounds : ( 1186.680, 1110.900 ) ( 1198.440, 1111.640 )


SHORT: ( Metal Short ) Special Wire of Net VSS & Pin of Cell I0/byte_controller/bit_controller/cnt_reg[13]  ( M1 )
Bounds : ( 1186.680, 1122.840 ) ( 1198.440, 1123.580 )


SHORT: ( Metal Short ) Special Wire of Net VDD & Pin of Cell I0/byte_controller/bit_controller/cnt_reg[13]  ( M1 )
Bounds : ( 1186.680, 1127.700 ) ( 1198.440, 1128.440 )


SHORT: ( Metal Short ) Special Wire of Net VSS & Pin of Cell I0/byte_controller/bit_controller/cnt_reg[14]  ( M1 )
Bounds : ( 1193.960, 1134.040 ) ( 1205.720, 1134.780 )


SHORT: ( Metal Short ) Special Wire of Net VDD & Pin of Cell I0/byte_controller/bit_controller/cnt_reg[14]  ( M1 )
Bounds : ( 1193.960, 1138.900 ) ( 1205.720, 1139.640 )


SHORT: ( Metal Short ) Special Wire of Net VSS & Pin of Cell I0/byte_controller/bit_controller/cnt_reg[15]  ( M1 )
Bounds : ( 1197.320, 1110.900 ) ( 1198.440, 1112.380 )


SHORT: ( Metal Short ) Special Wire of Net VSS & Pin of Cell I0/byte_controller/bit_controller/sub_228/U13  ( M1 )
Bounds : ( 1197.320, 1111.640 ) ( 1202.920, 1112.380 )


SHORT: ( Metal Short ) Special Wire of Net VDD & Pin of Cell I0/byte_controller/bit_controller/sub_228/U13  ( M1 )
Bounds : ( 1197.320, 1116.500 ) ( 1202.920, 1117.240 )


SHORT: ( Metal Short ) Special Wire of Net VSS & Pin of Cell I0/byte_controller/bit_controller/U61  ( M1 )
Bounds : ( 1144.120, 898.100 ) ( 1148.600, 898.840 )


SHORT: ( Metal Short ) Special Wire of Net VDD & Pin of Cell I0/byte_controller/bit_controller/c_state_reg[0]  ( M1 )
Bounds : ( 1144.120, 892.500 ) ( 1148.600, 893.980 )


SHORT: ( Metal Short ) Special Wire of Net VSS & Pin of Cell I0/byte_controller/bit_controller/U48  ( M1 )
Bounds : ( 1143.000, 875.700 ) ( 1145.240, 877.180 )


SHORT: ( Metal Short ) Special Wire of Net VSS & Pin of Cell I0/byte_controller/bit_controller/U48  ( M1 )
Bounds : ( 1143.000, 875.700 ) ( 1146.360, 876.440 )


SHORT: ( Metal Short ) Special Wire of Net VSS & Pin of Cell I0/byte_controller/bit_controller/U62  ( M1 )
Bounds : ( 1142.440, 886.900 ) ( 1145.800, 888.380 )


SHORT: ( Metal Short ) Special Wire of Net VDD & Pin of Cell I0/byte_controller/bit_controller/U62  ( M1 )
Bounds : ( 1142.440, 882.040 ) ( 1145.800, 882.780 )


SHORT: ( Metal Short ) Special Wire of Net VDD & Pin of Cell I0/byte_controller/bit_controller/U64  ( M1 )
Bounds : ( 1142.440, 881.300 ) ( 1145.240, 882.780 )


SHORT: ( Metal Short ) Special Wire of Net VDD & Pin of Cell I0/byte_controller/bit_controller/U64  ( M1 )
Bounds : ( 1141.880, 881.300 ) ( 1145.240, 882.040 )


SHORT: ( Metal Short ) Special Wire of Net VSS & Pin of Cell I0/byte_controller/bit_controller/U64  ( M1 )
Bounds : ( 1141.880, 876.440 ) ( 1145.240, 877.180 )


SHORT: ( Metal Short ) Special Wire of Net VDD & Pin of Cell I0/byte_controller/bit_controller/c_state_reg[0]  ( M1 )
Bounds : ( 1139.080, 892.500 ) ( 1140.760, 893.980 )


SHORT: ( Metal Short ) Special Wire of Net VDD & Pin of Cell I0/byte_controller/bit_controller/c_state_reg[0]  ( M1 )
Bounds : ( 1139.080, 892.500 ) ( 1150.840, 893.240 )


SHORT: ( Metal Short ) Special Wire of Net VSS & Pin of Cell I0/byte_controller/bit_controller/c_state_reg[0]  ( M1 )
Bounds : ( 1139.080, 887.640 ) ( 1150.840, 888.380 )


SHORT: ( Metal Short ) Special Wire of Net VSS & Pin of Cell I0/byte_controller/bit_controller/U72  ( M1 )
Bounds : ( 1149.160, 876.440 ) ( 1151.960, 877.180 )


SHORT: ( Metal Short ) Special Wire of Net VDD & Pin of Cell I0/byte_controller/bit_controller/U72  ( M1 )
Bounds : ( 1149.160, 881.300 ) ( 1151.960, 882.040 )


SHORT: ( Metal Short ) Special Wire of Net VSS & Pin of Cell I0/byte_controller/bit_controller/sda_oen_reg  ( M1 )
Bounds : ( 1151.960, 887.640 ) ( 1165.400, 888.380 )


SHORT: ( Metal Short ) Special Wire of Net VDD & Pin of Cell I0/byte_controller/bit_controller/sda_oen_reg  ( M1 )
Bounds : ( 1151.960, 892.500 ) ( 1165.400, 893.980 )


SHORT: ( Metal Short ) Special Wire of Net VSS & Pin of Cell I0/byte_controller/bit_controller/scl_oen_reg  ( M1 )
Bounds : ( 1151.960, 898.100 ) ( 1165.400, 898.840 )


SHORT: ( Metal Short ) Special Wire of Net VSS & Pin of Cell I0/byte_controller/bit_controller/U69  ( M1 )
Bounds : ( 1156.440, 876.440 ) ( 1160.920, 877.180 )


SHORT: ( Metal Short ) Special Wire of Net VDD & Pin of Cell I0/byte_controller/bit_controller/U69  ( M1 )
Bounds : ( 1156.440, 881.300 ) ( 1160.920, 882.040 )


SHORT: ( Metal Short ) Special Wire of Net VDD & Pin of Cell I0/byte_controller/bit_controller/c_state_reg[1]  ( M1 )
Bounds : ( 1148.600, 870.100 ) ( 1160.360, 870.840 )


SHORT: ( Metal Short ) Special Wire of Net VSS & Pin of Cell I0/byte_controller/bit_controller/c_state_reg[1]  ( M1 )
Bounds : ( 1148.600, 865.240 ) ( 1160.360, 865.980 )


SHORT: ( Metal Short ) Special Wire of Net VSS & Pin of Cell I0/byte_controller/bit_controller/c_state_reg[2]  ( M1 )
Bounds : ( 1148.040, 853.300 ) ( 1159.800, 854.040 )


SHORT: ( Metal Short ) Special Wire of Net VDD & Pin of Cell I0/byte_controller/bit_controller/c_state_reg[2]  ( M1 )
Bounds : ( 1148.040, 848.440 ) ( 1159.800, 849.180 )


SHORT: ( Metal Short ) Special Wire of Net VDD & Pin of Cell I0/byte_controller/bit_controller/c_state_reg[3]  ( M1 )
Bounds : ( 1148.040, 847.700 ) ( 1151.960, 849.180 )


SHORT: ( Metal Short ) Special Wire of Net VDD & Pin of Cell I0/byte_controller/bit_controller/U118  ( M1 )
Bounds : ( 1144.680, 870.100 ) ( 1145.800, 871.580 )


SHORT: ( Metal Short ) Special Wire of Net VSS & Pin of Cell I0/byte_controller/bit_controller/U47  ( M1 )
Bounds : ( 1144.680, 864.500 ) ( 1145.800, 865.980 )


SHORT: ( Metal Short ) Special Wire of Net VSS & Pin of Cell I0/byte_controller/bit_controller/U135  ( M1 )
Bounds : ( 1144.120, 853.300 ) ( 1145.240, 854.780 )


SHORT: ( Metal Short ) Special Wire of Net VDD & Pin of Cell I0/byte_controller/bit_controller/c_state_reg[3]  ( M1 )
Bounds : ( 1144.120, 847.700 ) ( 1145.240, 849.180 )


SHORT: ( Metal Short ) Special Wire of Net VDD & Pin of Cell I0/byte_controller/bit_controller/U46  ( M1 )
Bounds : ( 1143.560, 858.900 ) ( 1146.360, 860.380 )


SHORT: ( Metal Short ) Special Wire of Net VDD & Pin of Cell I0/byte_controller/bit_controller/U46  ( M1 )
Bounds : ( 1143.560, 858.900 ) ( 1146.920, 859.640 )


SHORT: ( Metal Short ) Special Wire of Net VSS & Pin of Cell I0/byte_controller/bit_controller/U46  ( M1 )
Bounds : ( 1143.560, 854.040 ) ( 1146.920, 854.780 )


SHORT: ( Metal Short ) Special Wire of Net VDD & Pin of Cell I0/byte_controller/bit_controller/U48  ( M1 )
Bounds : ( 1143.000, 870.840 ) ( 1146.360, 871.580 )


SHORT: ( Metal Short ) Special Wire of Net VSS & Pin of Cell I0/byte_controller/bit_controller/U47  ( M1 )
Bounds : ( 1143.000, 864.500 ) ( 1146.360, 865.240 )


SHORT: ( Metal Short ) Special Wire of Net VDD & Pin of Cell I0/byte_controller/bit_controller/U47  ( M1 )
Bounds : ( 1143.000, 859.640 ) ( 1146.360, 860.380 )


SHORT: ( Metal Short ) Special Wire of Net VSS & Pin of Cell I0/byte_controller/bit_controller/U137  ( M1 )
Bounds : ( 1140.200, 853.300 ) ( 1141.320, 854.040 )


SHORT: ( Metal Short ) Special Wire of Net VDD & Pin of Cell I0/byte_controller/bit_controller/c_state_reg[3]  ( M1 )
Bounds : ( 1140.200, 847.700 ) ( 1141.320, 849.180 )


SHORT: ( Metal Short ) Special Wire of Net VDD & Pin of Cell I0/byte_controller/bit_controller/c_state_reg[3]  ( M1 )
Bounds : ( 1140.200, 847.700 ) ( 1151.960, 848.440 )


SHORT: ( Metal Short ) Special Wire of Net VSS & Pin of Cell I0/byte_controller/bit_controller/c_state_reg[2]  ( M1 )
Bounds : ( 1151.400, 853.300 ) ( 1152.520, 854.780 )


SHORT: ( Metal Short ) Special Wire of Net VDD & Pin of Cell I0/byte_controller/bit_controller/U124  ( M1 )
Bounds : ( 1151.400, 858.900 ) ( 1152.520, 859.640 )


SHORT: ( Metal Short ) Special Wire of Net VDD & Pin of Cell I0/byte_controller/bit_controller/U109  ( M1 )
Bounds : ( 1129.000, 892.500 ) ( 1130.120, 893.240 )


SHORT: ( Metal Short ) Special Wire of Net VSS & Pin of Cell I0/byte_controller/bit_controller/U34  ( M1 )
Bounds : ( 1128.440, 898.840 ) ( 1131.240, 899.580 )


SHORT: ( Metal Short ) Special Wire of Net VSS & Pin of Cell I0/byte_controller/bit_controller/U59  ( M1 )
Bounds : ( 1123.960, 898.100 ) ( 1126.200, 898.840 )


SHORT: ( Metal Short ) Special Wire of Net VDD & Pin of Cell I0/byte_controller/bit_controller/U59  ( M1 )
Bounds : ( 1123.960, 893.240 ) ( 1126.200, 893.980 )


SHORT: ( Metal Short ) Special Wire of Net VDD & Pin of Cell I0/byte_controller/bit_controller/FE_DBTC2_n11  ( M1 )
Bounds : ( 1123.960, 892.500 ) ( 1125.080, 893.980 )


SHORT: ( Metal Short ) Special Wire of Net VDD & Pin of Cell I0/byte_controller/bit_controller/U111  ( M1 )
Bounds : ( 1108.840, 892.500 ) ( 1112.200, 893.980 )


SHORT: ( Metal Short ) Special Wire of Net VDD & Pin of Cell I0/byte_controller/bit_controller/c_state_reg[14]  ( M1 )
Bounds : ( 1108.840, 893.240 ) ( 1120.600, 893.980 )


SHORT: ( Metal Short ) Special Wire of Net VSS & Pin of Cell I0/byte_controller/bit_controller/c_state_reg[14]  ( M1 )
Bounds : ( 1108.840, 898.100 ) ( 1120.600, 898.840 )


SHORT: ( Metal Short ) Special Wire of Net VSS & Pin of Cell I0/byte_controller/bit_controller/c_state_reg[14]  ( M1 )
Bounds : ( 1110.520, 898.100 ) ( 1113.320, 899.580 )


SHORT: ( Metal Short ) Special Wire of Net VDD & Pin of Cell I0/byte_controller/bit_controller/U111  ( M1 )
Bounds : ( 1117.800, 892.500 ) ( 1120.600, 893.980 )


SHORT: ( Metal Short ) Special Wire of Net VDD & Pin of Cell I0/byte_controller/bit_controller/U33  ( M1 )
Bounds : ( 1130.680, 893.240 ) ( 1134.040, 893.980 )


SHORT: ( Metal Short ) Special Wire of Net VSS & Pin of Cell I0/byte_controller/bit_controller/U33  ( M1 )
Bounds : ( 1130.680, 898.100 ) ( 1134.040, 898.840 )


SHORT: ( Metal Short ) Special Wire of Net VSS & Pin of Cell I0/byte_controller/bit_controller/U33  ( M1 )
Bounds : ( 1130.680, 898.100 ) ( 1131.240, 899.580 )


SHORT: ( Metal Short ) Special Wire of Net VDD & Pin of Cell I0/byte_controller/bit_controller/U51  ( M1 )
Bounds : ( 1133.480, 892.500 ) ( 1134.600, 893.240 )


SHORT: ( Metal Short ) Special Wire of Net VDD & Pin of Cell I0/byte_controller/bit_controller/U51  ( M1 )
Bounds : ( 1133.480, 892.500 ) ( 1134.040, 893.980 )


SHORT: ( Metal Short ) Special Wire of Net VSS & Pin of Cell I0/byte_controller/bit_controller/U70  ( M1 )
Bounds : ( 1129.000, 886.900 ) ( 1130.120, 888.380 )


SHORT: ( Metal Short ) Special Wire of Net VSS & Pin of Cell I0/byte_controller/bit_controller/U70  ( M1 )
Bounds : ( 1128.440, 886.900 ) ( 1131.240, 887.640 )


SHORT: ( Metal Short ) Special Wire of Net VDD & Pin of Cell I0/byte_controller/bit_controller/U73  ( M1 )
Bounds : ( 1128.440, 881.300 ) ( 1131.240, 882.780 )


SHORT: ( Metal Short ) Special Wire of Net VSS & Pin of Cell I0/byte_controller/bit_controller/U73  ( M1 )
Bounds : ( 1128.440, 876.440 ) ( 1131.240, 877.180 )


SHORT: ( Metal Short ) Special Wire of Net VSS & Pin of Cell I0/byte_controller/bit_controller/FE_DBTC2_n11  ( M1 )
Bounds : ( 1123.960, 887.640 ) ( 1125.080, 888.380 )


SHORT: ( Metal Short ) Special Wire of Net VSS & Pin of Cell I0/byte_controller/bit_controller/U41  ( M1 )
Bounds : ( 1123.400, 875.700 ) ( 1126.200, 876.440 )


SHORT: ( Metal Short ) Special Wire of Net VSS & Pin of Cell I0/byte_controller/bit_controller/U66  ( M1 )
Bounds : ( 1121.720, 886.900 ) ( 1122.840, 887.640 )


SHORT: ( Metal Short ) Special Wire of Net VDD & Pin of Cell I0/byte_controller/bit_controller/U66  ( M1 )
Bounds : ( 1121.720, 882.040 ) ( 1122.840, 882.780 )


SHORT: ( Metal Short ) Special Wire of Net VDD & Pin of Cell I0/byte_controller/bit_controller/U108  ( M1 )
Bounds : ( 1121.720, 881.300 ) ( 1122.280, 882.780 )


SHORT: ( Metal Short ) Special Wire of Net VDD & Pin of Cell I0/byte_controller/bit_controller/U108  ( M1 )
Bounds : ( 1118.360, 881.300 ) ( 1122.280, 882.040 )


SHORT: ( Metal Short ) Special Wire of Net VSS & Pin of Cell I0/byte_controller/bit_controller/U108  ( M1 )
Bounds : ( 1118.360, 876.440 ) ( 1122.280, 877.180 )


SHORT: ( Metal Short ) Special Wire of Net VSS & Pin of Cell I0/byte_controller/bit_controller/U160  ( M1 )
Bounds : ( 1108.840, 875.700 ) ( 1109.960, 877.180 )


SHORT: ( Metal Short ) Special Wire of Net VSS & Pin of Cell I0/byte_controller/bit_controller/U74  ( M1 )
Bounds : ( 1108.840, 876.440 ) ( 1112.200, 877.180 )


SHORT: ( Metal Short ) Special Wire of Net VDD & Pin of Cell I0/byte_controller/bit_controller/U74  ( M1 )
Bounds : ( 1108.840, 881.300 ) ( 1112.200, 882.040 )


SHORT: ( Metal Short ) Special Wire of Net VSS & Pin of Cell I0/byte_controller/bit_controller/U23  ( M1 )
Bounds : ( 1108.840, 887.640 ) ( 1112.200, 888.380 )


SHORT: ( Metal Short ) Special Wire of Net VDD & Pin of Cell I0/byte_controller/bit_controller/U74  ( M1 )
Bounds : ( 1111.640, 881.300 ) ( 1112.200, 882.780 )


SHORT: ( Metal Short ) Special Wire of Net VDD & Pin of Cell I0/byte_controller/bit_controller/U122  ( M1 )
Bounds : ( 1111.640, 882.040 ) ( 1116.120, 882.780 )


SHORT: ( Metal Short ) Special Wire of Net VSS & Pin of Cell I0/byte_controller/bit_controller/U122  ( M1 )
Bounds : ( 1111.640, 886.900 ) ( 1116.120, 887.640 )


SHORT: ( Metal Short ) Special Wire of Net VSS & Pin of Cell I0/byte_controller/bit_controller/U122  ( M1 )
Bounds : ( 1111.640, 886.900 ) ( 1112.200, 888.380 )


SHORT: ( Metal Short ) Special Wire of Net VSS & Pin of Cell I0/byte_controller/bit_controller/U111  ( M1 )
Bounds : ( 1117.800, 887.640 ) ( 1120.600, 888.380 )


SHORT: ( Metal Short ) Special Wire of Net VSS & Pin of Cell I0/byte_controller/bit_controller/U51  ( M1 )
Bounds : ( 1133.480, 887.640 ) ( 1134.600, 888.380 )


SHORT: ( Metal Short ) Special Wire of Net VDD & Pin of Cell I0/byte_controller/bit_controller/U83  ( M1 )
Bounds : ( 1135.160, 882.040 ) ( 1137.400, 882.780 )


SHORT: ( Metal Short ) Special Wire of Net VSS & Pin of Cell I0/byte_controller/bit_controller/U83  ( M1 )
Bounds : ( 1135.160, 886.900 ) ( 1137.400, 887.640 )


SHORT: ( Metal Short ) Special Wire of Net VSS & Pin of Cell I0/byte_controller/bit_controller/U149  ( M1 )
Bounds : ( 1136.840, 876.440 ) ( 1137.960, 877.180 )


SHORT: ( Metal Short ) Special Wire of Net VDD & Pin of Cell I0/byte_controller/bit_controller/U149  ( M1 )
Bounds : ( 1136.840, 881.300 ) ( 1137.960, 882.040 )


SHORT: ( Metal Short ) Special Wire of Net VDD & Pin of Cell I0/byte_controller/bit_controller/U149  ( M1 )
Bounds : ( 1136.840, 881.300 ) ( 1137.400, 882.780 )


SHORT: ( Metal Short ) Special Wire of Net VSS & Pin of Cell I0/byte_controller/bit_controller/U162  ( M1 )
Bounds : ( 1106.040, 886.900 ) ( 1107.160, 887.640 )


SHORT: ( Metal Short ) Special Wire of Net VDD & Pin of Cell I0/byte_controller/bit_controller/U162  ( M1 )
Bounds : ( 1106.040, 882.040 ) ( 1107.160, 882.780 )


SHORT: ( Metal Short ) Special Wire of Net VSS & Pin of Cell I0/byte_controller/bit_controller/c_state_reg[16]  ( M1 )
Bounds : ( 1090.360, 887.640 ) ( 1102.120, 888.380 )


SHORT: ( Metal Short ) Special Wire of Net VDD & Pin of Cell I0/byte_controller/bit_controller/c_state_reg[16]  ( M1 )
Bounds : ( 1090.360, 892.500 ) ( 1102.120, 893.240 )


SHORT: ( Metal Short ) Special Wire of Net VDD & Pin of Cell I0/byte_controller/bit_controller/c_state_reg[16]  ( M1 )
Bounds : ( 1090.920, 892.500 ) ( 1102.120, 893.980 )


SHORT: ( Metal Short ) Special Wire of Net VDD & Pin of Cell I0/byte_controller/bit_controller/c_state_reg[9]  ( M1 )
Bounds : ( 1090.920, 893.240 ) ( 1102.680, 893.980 )


SHORT: ( Metal Short ) Special Wire of Net VSS & Pin of Cell I0/byte_controller/bit_controller/c_state_reg[9]  ( M1 )
Bounds : ( 1090.920, 898.100 ) ( 1102.680, 898.840 )


SHORT: ( Metal Short ) Special Wire of Net VSS & Pin of Cell I0/byte_controller/bit_controller/U159  ( M1 )
Bounds : ( 1094.840, 876.440 ) ( 1095.960, 877.180 )


SHORT: ( Metal Short ) Special Wire of Net VDD & Pin of Cell I0/byte_controller/bit_controller/U159  ( M1 )
Bounds : ( 1094.840, 881.300 ) ( 1095.960, 882.040 )


SHORT: ( Metal Short ) Special Wire of Net VDD & Pin of Cell I0/byte_controller/bit_controller/U54  ( M1 )
Bounds : ( 1098.200, 882.040 ) ( 1101.560, 882.780 )


SHORT: ( Metal Short ) Special Wire of Net VSS & Pin of Cell I0/byte_controller/bit_controller/U54  ( M1 )
Bounds : ( 1098.200, 886.900 ) ( 1101.560, 888.380 )


SHORT: ( Metal Short ) Special Wire of Net VSS & Pin of Cell I0/byte_controller/bit_controller/U123  ( M1 )
Bounds : ( 1100.440, 876.440 ) ( 1103.800, 877.180 )


SHORT: ( Metal Short ) Special Wire of Net VDD & Pin of Cell I0/byte_controller/bit_controller/U123  ( M1 )
Bounds : ( 1100.440, 881.300 ) ( 1103.800, 882.040 )


SHORT: ( Metal Short ) Special Wire of Net VDD & Pin of Cell I0/byte_controller/bit_controller/U123  ( M1 )
Bounds : ( 1100.440, 881.300 ) ( 1101.560, 882.780 )


SHORT: ( Metal Short ) Special Wire of Net VDD & Pin of Cell I0/byte_controller/bit_controller/U32  ( M1 )
Bounds : ( 1103.800, 893.240 ) ( 1106.600, 893.980 )


SHORT: ( Metal Short ) Special Wire of Net VSS & Pin of Cell I0/byte_controller/bit_controller/U32  ( M1 )
Bounds : ( 1103.800, 898.100 ) ( 1106.600, 898.840 )


SHORT: ( Metal Short ) Special Wire of Net VSS & Pin of Cell I0/byte_controller/bit_controller/U121  ( M1 )
Bounds : ( 1130.680, 865.240 ) ( 1133.480, 865.980 )


SHORT: ( Metal Short ) Special Wire of Net VSS & Pin of Cell I0/byte_controller/bit_controller/U165  ( M1 )
Bounds : ( 1130.680, 864.500 ) ( 1131.240, 865.980 )


SHORT: ( Metal Short ) Special Wire of Net VSS & Pin of Cell I0/byte_controller/bit_controller/U165  ( M1 )
Bounds : ( 1130.120, 864.500 ) ( 1131.240, 865.240 )


SHORT: ( Metal Short ) Special Wire of Net VDD & Pin of Cell I0/byte_controller/bit_controller/U165  ( M1 )
Bounds : ( 1130.120, 859.640 ) ( 1131.240, 860.380 )


SHORT: ( Metal Short ) Special Wire of Net VDD & Pin of Cell I0/byte_controller/bit_controller/c_state_reg[5]  ( M1 )
Bounds : ( 1123.400, 870.100 ) ( 1126.200, 871.580 )


SHORT: ( Metal Short ) Special Wire of Net VSS & Pin of Cell I0/byte_controller/bit_controller/U40  ( M1 )
Bounds : ( 1122.840, 864.500 ) ( 1126.200, 865.980 )


SHORT: ( Metal Short ) Special Wire of Net VDD & Pin of Cell I0/byte_controller/bit_controller/c_state_reg[5]  ( M1 )
Bounds : ( 1116.120, 870.100 ) ( 1127.880, 870.840 )


SHORT: ( Metal Short ) Special Wire of Net VSS & Pin of Cell I0/byte_controller/bit_controller/c_state_reg[5]  ( M1 )
Bounds : ( 1116.120, 865.240 ) ( 1127.880, 865.980 )


SHORT: ( Metal Short ) Special Wire of Net VSS & Pin of Cell I0/byte_controller/bit_controller/U40  ( M1 )
Bounds : ( 1116.120, 864.500 ) ( 1117.800, 865.980 )


SHORT: ( Metal Short ) Special Wire of Net VDD & Pin of Cell I0/byte_controller/bit_controller/U22  ( M1 )
Bounds : ( 1108.840, 870.100 ) ( 1109.400, 871.580 )


SHORT: ( Metal Short ) Special Wire of Net VDD & Pin of Cell I0/byte_controller/bit_controller/U160  ( M1 )
Bounds : ( 1108.840, 870.840 ) ( 1109.960, 871.580 )


SHORT: ( Metal Short ) Special Wire of Net VDD & Pin of Cell I0/byte_controller/bit_controller/U68  ( M1 )
Bounds : ( 1114.440, 859.640 ) ( 1117.800, 860.380 )


SHORT: ( Metal Short ) Special Wire of Net VSS & Pin of Cell I0/byte_controller/bit_controller/U68  ( M1 )
Bounds : ( 1114.440, 864.500 ) ( 1117.800, 865.240 )


SHORT: ( Metal Short ) Special Wire of Net VDD & Pin of Cell I0/byte_controller/bit_controller/U121  ( M1 )
Bounds : ( 1130.680, 870.100 ) ( 1133.480, 870.840 )


SHORT: ( Metal Short ) Special Wire of Net VSS & Pin of Cell I0/byte_controller/bit_controller/U37  ( M1 )
Bounds : ( 1126.760, 853.300 ) ( 1128.440, 854.780 )


SHORT: ( Metal Short ) Special Wire of Net VSS & Pin of Cell I0/byte_controller/bit_controller/U134  ( M1 )
Bounds : ( 1126.760, 853.300 ) ( 1129.000, 854.040 )


SHORT: ( Metal Short ) Special Wire of Net VDD & Pin of Cell I0/byte_controller/bit_controller/c_state_reg[8]  ( M1 )
Bounds : ( 1126.760, 847.700 ) ( 1129.000, 849.180 )


SHORT: ( Metal Short ) Special Wire of Net VSS & Pin of Cell I0/byte_controller/bit_controller/U37  ( M1 )
Bounds : ( 1120.040, 853.300 ) ( 1123.400, 854.780 )


SHORT: ( Metal Short ) Special Wire of Net VDD & Pin of Cell I0/byte_controller/bit_controller/c_state_reg[8]  ( M1 )
Bounds : ( 1120.040, 847.700 ) ( 1123.400, 849.180 )


SHORT: ( Metal Short ) Special Wire of Net VDD & Pin of Cell I0/byte_controller/bit_controller/c_state_reg[8]  ( M1 )
Bounds : ( 1117.240, 847.700 ) ( 1129.000, 848.440 )


SHORT: ( Metal Short ) Special Wire of Net VSS & Pin of Cell I0/byte_controller/bit_controller/c_state_reg[6]  ( M1 )
Bounds : ( 1116.680, 854.040 ) ( 1128.440, 854.780 )


SHORT: ( Metal Short ) Special Wire of Net VSS & Pin of Cell I0/byte_controller/bit_controller/U37  ( M1 )
Bounds : ( 1116.680, 853.300 ) ( 1117.240, 854.780 )


SHORT: ( Metal Short ) Special Wire of Net VSS & Pin of Cell I0/byte_controller/bit_controller/U132  ( M1 )
Bounds : ( 1116.120, 853.300 ) ( 1117.240, 854.040 )


SHORT: ( Metal Short ) Special Wire of Net VDD & Pin of Cell I0/byte_controller/bit_controller/U125  ( M1 )
Bounds : ( 1110.520, 847.700 ) ( 1113.320, 848.440 )


SHORT: ( Metal Short ) Special Wire of Net VDD & Pin of Cell I0/byte_controller/bit_controller/U125  ( M1 )
Bounds : ( 1111.640, 847.700 ) ( 1112.760, 849.180 )


SHORT: ( Metal Short ) Special Wire of Net VSS & Pin of Cell I0/byte_controller/bit_controller/U163  ( M1 )
Bounds : ( 1111.640, 853.300 ) ( 1112.760, 854.780 )


SHORT: ( Metal Short ) Special Wire of Net VDD & Pin of Cell I0/byte_controller/bit_controller/U132  ( M1 )
Bounds : ( 1116.120, 848.440 ) ( 1117.240, 849.180 )


SHORT: ( Metal Short ) Special Wire of Net VSS & Pin of Cell I0/byte_controller/bit_controller/U39  ( M1 )
Bounds : ( 1131.240, 854.040 ) ( 1134.600, 854.780 )


SHORT: ( Metal Short ) Special Wire of Net VDD & Pin of Cell I0/byte_controller/bit_controller/U120  ( M1 )
Bounds : ( 1132.360, 848.440 ) ( 1136.840, 849.180 )


SHORT: ( Metal Short ) Special Wire of Net VSS & Pin of Cell I0/byte_controller/bit_controller/U44  ( M1 )
Bounds : ( 1132.360, 853.300 ) ( 1136.840, 854.040 )


SHORT: ( Metal Short ) Special Wire of Net VSS & Pin of Cell I0/byte_controller/bit_controller/U44  ( M1 )
Bounds : ( 1132.360, 853.300 ) ( 1134.600, 854.780 )


SHORT: ( Metal Short ) Special Wire of Net VDD & Pin of Cell I0/byte_controller/bit_controller/U120  ( M1 )
Bounds : ( 1132.920, 847.700 ) ( 1136.280, 849.180 )


SHORT: ( Metal Short ) Special Wire of Net VDD & Pin of Cell I0/byte_controller/bit_controller/U45  ( M1 )
Bounds : ( 1111.640, 858.900 ) ( 1112.760, 859.640 )


SHORT: ( Metal Short ) Special Wire of Net VDD & Pin of Cell I0/byte_controller/bit_controller/c_state_reg[6]  ( M1 )
Bounds : ( 1116.680, 858.900 ) ( 1128.440, 859.640 )


SHORT: ( Metal Short ) Special Wire of Net VDD & Pin of Cell I0/byte_controller/bit_controller/c_state_reg[6]  ( M1 )
Bounds : ( 1116.680, 858.900 ) ( 1117.800, 860.380 )


SHORT: ( Metal Short ) Special Wire of Net VDD & Pin of Cell I0/byte_controller/bit_controller/c_state_reg[6]  ( M1 )
Bounds : ( 1122.840, 858.900 ) ( 1126.200, 860.380 )


SHORT: ( Metal Short ) Special Wire of Net VDD & Pin of Cell I0/byte_controller/bit_controller/U39  ( M1 )
Bounds : ( 1131.240, 858.900 ) ( 1134.600, 859.640 )


SHORT: ( Metal Short ) Special Wire of Net VDD & Pin of Cell I0/byte_controller/bit_controller/U164  ( M1 )
Bounds : ( 1104.920, 847.700 ) ( 1106.040, 849.180 )


SHORT: ( Metal Short ) Special Wire of Net VDD & Pin of Cell I0/byte_controller/bit_controller/c_state_reg[11]  ( M1 )
Bounds : ( 1089.240, 848.440 ) ( 1101.000, 849.180 )


SHORT: ( Metal Short ) Special Wire of Net VSS & Pin of Cell I0/byte_controller/bit_controller/c_state_reg[11]  ( M1 )
Bounds : ( 1089.240, 853.300 ) ( 1101.000, 854.040 )


SHORT: ( Metal Short ) Special Wire of Net VDD & Pin of Cell I0/byte_controller/bit_controller/c_state_reg[12]  ( M1 )
Bounds : ( 1089.240, 859.640 ) ( 1101.000, 860.380 )


SHORT: ( Metal Short ) Special Wire of Net VSS & Pin of Cell I0/byte_controller/bit_controller/c_state_reg[12]  ( M1 )
Bounds : ( 1089.240, 864.500 ) ( 1101.000, 865.240 )


SHORT: ( Metal Short ) Special Wire of Net VDD & Pin of Cell I0/byte_controller/bit_controller/c_state_reg[10]  ( M1 )
Bounds : ( 1089.800, 847.700 ) ( 1101.560, 848.440 )


SHORT: ( Metal Short ) Special Wire of Net VDD & Pin of Cell I0/byte_controller/bit_controller/c_state_reg[10]  ( M1 )
Bounds : ( 1089.800, 847.700 ) ( 1101.000, 849.180 )


SHORT: ( Metal Short ) Special Wire of Net VSS & Pin of Cell I0/byte_controller/bit_controller/c_state_reg[12]  ( M1 )
Bounds : ( 1089.800, 864.500 ) ( 1101.000, 865.980 )


SHORT: ( Metal Short ) Special Wire of Net VSS & Pin of Cell I0/byte_controller/bit_controller/c_state_reg[15]  ( M1 )
Bounds : ( 1089.800, 865.240 ) ( 1101.560, 865.980 )


SHORT: ( Metal Short ) Special Wire of Net VDD & Pin of Cell I0/byte_controller/bit_controller/c_state_reg[15]  ( M1 )
Bounds : ( 1089.800, 870.100 ) ( 1101.560, 870.840 )


SHORT: ( Metal Short ) Special Wire of Net VSS & Pin of Cell I0/byte_controller/bit_controller/U30  ( M1 )
Bounds : ( 1103.240, 854.040 ) ( 1106.600, 854.780 )


SHORT: ( Metal Short ) Special Wire of Net VDD & Pin of Cell I0/byte_controller/bit_controller/U30  ( M1 )
Bounds : ( 1103.240, 858.900 ) ( 1106.600, 859.640 )


SHORT: ( Metal Short ) Special Wire of Net VDD & Pin of Cell I0/byte_controller/bit_controller/U28  ( M1 )
Bounds : ( 1104.360, 848.440 ) ( 1107.720, 849.180 )


SHORT: ( Metal Short ) Special Wire of Net VSS & Pin of Cell I0/byte_controller/bit_controller/U28  ( M1 )
Bounds : ( 1104.360, 853.300 ) ( 1107.720, 854.040 )


SHORT: ( Metal Short ) Special Wire of Net VSS & Pin of Cell I0/byte_controller/bit_controller/U28  ( M1 )
Bounds : ( 1104.360, 853.300 ) ( 1106.600, 854.780 )


SHORT: ( Metal Short ) Special Wire of Net VDD & Pin of Cell I0/byte_controller/bit_controller/U30  ( M1 )
Bounds : ( 1105.480, 858.900 ) ( 1106.600, 860.380 )


SHORT: ( Metal Short ) Special Wire of Net VSS & Pin of Cell I0/byte_controller/bit_controller/U22  ( M1 )
Bounds : ( 1106.040, 865.240 ) ( 1109.400, 865.980 )


SHORT: ( Metal Short ) Special Wire of Net VSS & Pin of Cell I0/byte_controller/bit_controller/U27  ( M1 )
Bounds : ( 1105.480, 864.500 ) ( 1108.840, 865.240 )


SHORT: ( Metal Short ) Special Wire of Net VDD & Pin of Cell I0/byte_controller/bit_controller/U27  ( M1 )
Bounds : ( 1105.480, 859.640 ) ( 1108.840, 860.380 )


SHORT: ( Metal Short ) Special Wire of Net VSS & Pin of Cell I0/byte_controller/bit_controller/U27  ( M1 )
Bounds : ( 1106.040, 864.500 ) ( 1108.840, 865.980 )


SHORT: ( Metal Short ) Special Wire of Net VDD & Pin of Cell I0/byte_controller/bit_controller/U22  ( M1 )
Bounds : ( 1106.040, 870.100 ) ( 1109.400, 870.840 )


SHORT: ( Metal Short ) Special Wire of Net VSS & Pin of Cell I0/byte_controller/bit_controller/U119  ( M1 )
Bounds : ( 1136.840, 865.240 ) ( 1140.200, 865.980 )


SHORT: ( Metal Short ) Special Wire of Net VDD & Pin of Cell I0/byte_controller/bit_controller/U119  ( M1 )
Bounds : ( 1136.840, 870.100 ) ( 1140.200, 870.840 )


SHORT: ( Metal Short ) Special Wire of Net VSS & Pin of Cell I0/byte_controller/bit_controller/U107  ( M1 )
Bounds : ( 1137.400, 854.040 ) ( 1140.200, 854.780 )


SHORT: ( Metal Short ) Special Wire of Net VDD & Pin of Cell I0/byte_controller/bit_controller/U107  ( M1 )
Bounds : ( 1137.400, 858.900 ) ( 1140.200, 859.640 )


SHORT: ( Metal Short ) Special Wire of Net VDD & Pin of Cell I0/byte_controller/bit_controller/U49  ( M1 )
Bounds : ( 1137.960, 893.240 ) ( 1140.760, 893.980 )


SHORT: ( Metal Short ) Special Wire of Net VSS & Pin of Cell I0/byte_controller/bit_controller/U49  ( M1 )
Bounds : ( 1137.960, 898.100 ) ( 1140.760, 898.840 )


SHORT: ( Metal Short ) Special Wire of Net VSS & Pin of Cell I0/byte_controller/bit_controller/U164  ( M1 )
Bounds : ( 1104.920, 842.840 ) ( 1106.040, 843.580 )


SHORT: ( Metal Short ) Special Wire of Net VSS & Pin of Cell I0/byte_controller/bit_controller/c_state_reg[10]  ( M1 )
Bounds : ( 1089.800, 842.840 ) ( 1101.560, 843.580 )


SHORT: ( Metal Short ) Special Wire of Net VSS & Pin of Cell I0/byte_controller/bit_controller/U125  ( M1 )
Bounds : ( 1110.520, 842.840 ) ( 1113.320, 843.580 )


SHORT: ( Metal Short ) Special Wire of Net VSS & Pin of Cell I0/byte_controller/bit_controller/c_state_reg[8]  ( M1 )
Bounds : ( 1117.240, 842.840 ) ( 1129.000, 843.580 )


SHORT: ( Metal Short ) Special Wire of Net VSS & Pin of Cell I0/byte_controller/bit_controller/c_state_reg[4]  ( M1 )
Bounds : ( 1117.800, 831.640 ) ( 1129.560, 832.380 )


SHORT: ( Metal Short ) Special Wire of Net VDD & Pin of Cell I0/byte_controller/bit_controller/c_state_reg[4]  ( M1 )
Bounds : ( 1117.800, 836.500 ) ( 1129.560, 837.240 )


SHORT: ( Metal Short ) Special Wire of Net VSS & Pin of Cell I0/byte_controller/bit_controller/c_state_reg[7]  ( M1 )
Bounds : ( 1132.920, 831.640 ) ( 1144.680, 832.380 )


SHORT: ( Metal Short ) Special Wire of Net VDD & Pin of Cell I0/byte_controller/bit_controller/c_state_reg[7]  ( M1 )
Bounds : ( 1132.920, 836.500 ) ( 1144.680, 837.240 )


SHORT: ( Metal Short ) Special Wire of Net VSS & Pin of Cell I0/byte_controller/bit_controller/U120  ( M1 )
Bounds : ( 1132.920, 842.840 ) ( 1136.280, 843.580 )


SHORT: ( Metal Short ) Special Wire of Net VSS & Pin of Cell I0/byte_controller/bit_controller/c_state_reg[3]  ( M1 )
Bounds : ( 1140.200, 842.840 ) ( 1151.960, 843.580 )


SHORT: ( Metal Short ) Special Wire of Net VSS & Pin of Cell I0/wb_ack_o_reg  ( M1 )
Bounds : ( 1149.720, 831.640 ) ( 1160.360, 832.380 )


SHORT: ( Metal Short ) Special Wire of Net VDD & Pin of Cell I0/wb_ack_o_reg  ( M1 )
Bounds : ( 1149.720, 836.500 ) ( 1160.360, 837.240 )


SHORT: ( Metal Short ) Special Wire of Net VDD & Pin of Cell I0/U145  ( M1 )
Bounds : ( 1155.320, 389.240 ) ( 1159.800, 389.980 )


SHORT: ( Metal Short ) Special Wire of Net VSS & Pin of Cell I0/U145  ( M1 )
Bounds : ( 1155.320, 394.100 ) ( 1159.800, 394.840 )


SHORT: ( Metal Short ) Special Wire of Net VDD & Pin of Cell I0/byte_controller/bit_controller/U24  ( M1 )
Bounds : ( 1110.520, 903.700 ) ( 1113.320, 905.180 )


SHORT: ( Metal Short ) Special Wire of Net VDD & Pin of Cell I0/byte_controller/bit_controller/U34  ( M1 )
Bounds : ( 1128.440, 903.700 ) ( 1131.240, 904.440 )


SHORT: ( Metal Short ) Special Wire of Net VDD & Pin of Cell I0/byte_controller/bit_controller/U34  ( M1 )
Bounds : ( 1130.120, 903.700 ) ( 1131.240, 905.180 )


  Total Violations : 1000 Viols.
